"brewer_sk","location_sk","effective_from","effective_from_reference","effective_from_basis","effective_to","effective_to_reference","effective_to_basis","is_current","occupancy_reason","brewery_type",source,"source_note"
bwr_00000001,loc_00000001,2018-03-09,2018-03-09,"researched 2026-09-28: SJ Beer Scene / 42 Freeway",unknown,,"move date not found; brewery operates in Mount Laurel",false,"relocated_out",micro,"NJCB directory (newjerseycraftbeer.com/new-jersey-breweries/, page updated 2026-08-17); plus press coverage listed in research_note of the current-location row",relocated
bwr_00000001,loc_00000002,2026-09-01,,"PLACEHOLDER: default 2026-09-01; opening date not found: Mount Laurel move date not found",9999-12-31,,,true,"relocated_in",micro,,"relocation; supersedes Williamstown line. relocated from Williamstown; move date not found; NJCB lists Mount Laurel, Yelp shows 2000 Crawford Pl"
bwr_00000002,loc_00000003,2015-01-01,2015,"researched 2026-09-28: sources conflict May vs June 2015 (42 Freeway / web search)",unknown,,"rename date not found; same Burlington site, acquired by the Swedesboro Brewing family",false,opened,micro,"NJCB directory (newjerseycraftbeer.com/new-jersey-breweries/, page updated 2026-08-17)",
bwr_00000003,loc_00000003,2025-01-01,2025,"researched 2026-09-28: rename after Swedesboro Brewing purchase in 2025 (42 Freeway)",9999-12-31,,,true,renamed,micro,,"rename of Third State Brewing at the same Burlington site, after acquisition by Swedesboro Brewing; rename date not found"
bwr_00000004,loc_00000004,2015-01-01,2015,"researched 2026-09-28: began 2015 in Shamong barn (brewery site)",2020-09-01,2020-09,"month only; moved Shamong to Atco (former firehouse)",false,"relocated_out",micro,"NJCB directory (newjerseycraftbeer.com/new-jersey-breweries/, page updated 2026-08-17); plus press coverage listed in research_note of the current-location row",relocated
bwr_00000004,loc_00000005,2020-09-01,2020-09,"predecessor row closure date: month only; moved Shamong to Atco (former firehouse)",9999-12-31,,,true,"relocated_in",micro,,"relocation; supersedes Shamong line. relocated from Shamong 2020-09; closed spring 2025; reopened 2026-06-27 under new owners (Brewbound/Patch/Brewer Magazine)"
bwr_00000005,loc_00000006,2016-06-01,2016-06,"researched 2026-09-28: web search",2024-01-01,2024,"year only; moved from Ocean View to former bowling alley in Woodbine, opened spring 2024",false,"relocated_out",micro,"NJCB directory (newjerseycraftbeer.com/new-jersey-breweries/, page updated 2026-08-17); plus press coverage listed in research_note of the current-location row",relocated
bwr_00000005,loc_00000007,2024-01-01,2024,"predecessor row closure date: year only; moved from Ocean View to former bowling alley in Woodbine, opened spring 2024",9999-12-31,,,true,"relocated_in",micro,,"relocation; supersedes Ocean View line. relocated from Ocean View, opened Woodbine 2024"
bwr_00000006,loc_00000008,2017-01-13,2017-01-13,"researched 2026-09-28: Hop Culture / brewery site",2024-06-01,2024-06,"month only; final beer poured in Lakewood June 2024; Brick grand opening 2024-07-20",false,"relocated_out",micro,"NJCB directory (newjerseycraftbeer.com/new-jersey-breweries/, page updated 2026-08-17); plus press coverage listed in research_note of the current-location row",relocated
bwr_00000006,loc_00000009,2024-06-01,2024-06,"predecessor row closure date: month only; final beer poured in Lakewood June 2024; Brick grand opening 2024-07-20",9999-12-31,,,true,"relocated_in",micro,,"relocation; supersedes Lakewood line. relocated from Lakewood 2024-06; Brick grand opening 2024-07-20"
bwr_00000007,loc_00000010,2014-01-23,2014-01-23,"researched 2026-09-28: CraftBeer.com / Jersey Bites",2018-01-01,2018,"year only; acquired and renamed, transition completed April 2019",false,opened,micro,"NJCB directory (newjerseycraftbeer.com/new-jersey-breweries/, page updated 2026-08-17)",
bwr_00000008,loc_00000011,2018-01-01,2018,"predecessor row closure date: year only; acquired and renamed, transition completed April 2019",9999-12-31,,,true,renamed,micro,,"rename of Rinn Duin Brewing at the same site (2018, transition completed April 2019); website not found"
bwr_00000009,loc_00000012,2014-01-01,2014,"researched 2026-09-28: web search",2019-01-01,2019,"year only; moved spring 2019 to 2 Camre Drive",false,"relocated_out",micro,"NJCB directory (newjerseycraftbeer.com/new-jersey-breweries/, page updated 2026-08-17); plus press coverage listed in research_note of the current-location row",relocated
bwr_00000009,loc_00000013,2019-01-01,2019,"predecessor row closure date: year only; moved spring 2019 to 2 Camre Drive",9999-12-31,,,true,"relocated_in",micro,,"relocation; supersedes Lafayette line. relocated from Lafayette spring 2019"
bwr_00000010,loc_00000014,2022-04-22,2022-04-22,"researched 2026-09-28: grand opening weekend (BergenMama)",9999-12-31,,,true,opened,,,"added from NJCB directory (newjerseycraftbeer.com/new-jersey-breweries/, page updated 2026-08-17)"
bwr_00000010,loc_00000015,2024-05-01,2024-05,"researched 2026-09-28: grand opening (Red Bank Green)",9999-12-31,,,true,opened,,,"added from NJCB directory (newjerseycraftbeer.com/new-jersey-breweries/, page updated 2026-08-17)"
bwr_00000011,loc_00000016,2021-09-01,2021-09,"researched 2026-09-28: second location, pouring by Sep 2021 (brewery site news)",9999-12-31,,,true,opened,,,"added from NJCB directory (newjerseycraftbeer.com/new-jersey-breweries/, page updated 2026-08-17)"
bwr_00000011,loc_00000017,2017-12-22,2017-12-22,"researched 2026-09-28: brewery history page",9999-12-31,,,true,opened,,,"added from NJCB directory (newjerseycraftbeer.com/new-jersey-breweries/, page updated 2026-08-17)"
bwr_00000012,loc_00000018,2025-07-19,2025-07-19,"researched 2026-09-28: grand opening; soft opening earlier that week (42 Freeway / 97.3 ESPN)",9999-12-31,,,true,opened,,,"added from NJCB directory (newjerseycraftbeer.com/new-jersey-breweries/, page updated 2026-08-17)"
bwr_00000012,loc_00000019,2015-01-01,2015,"researched 2026-09-28: web search",9999-12-31,,,true,opened,micro,,
bwr_00000013,loc_00000020,2016-01-01,2016,"researched 2026-09-28: web search",9999-12-31,,,true,opened,micro,,
bwr_00000013,loc_00000021,2022-01-22,2022-01-22,"researched 2026-09-28: grand opening (42 Freeway / NJ PEN)",9999-12-31,,,true,opened,,,"added from NJCB directory (newjerseycraftbeer.com/new-jersey-breweries/, page updated 2026-08-17)"
bwr_00000014,loc_00000022,2025-09-05,2025-09-05,"researched 2026-09-28: taproom opening (Patch)",9999-12-31,,,true,opened,,,"added from NJCB directory (newjerseycraftbeer.com/new-jersey-breweries/, page updated 2026-08-17)"
bwr_00000014,loc_00000023,2019-10-01,2019-10,"researched 2026-09-28: web search",9999-12-31,,,true,opened,,,"added from NJCB directory (newjerseycraftbeer.com/new-jersey-breweries/, page updated 2026-08-17)"
bwr_00000015,loc_00000024,2024-06-01,2024-06,"researched 2026-09-28: moved to 20 Palmer Square East June 2024; original 138 Nassau St opened 1995-03-19 (Town Topics)",9999-12-31,,,true,opened,brewpub,,
bwr_00000015,loc_00000025,2003-04-24,2003-04-24,"researched 2026-09-28: web search (Wikipedia/Triumph)",9999-12-31,,,true,opened,brewpub,,
bwr_00000016,loc_00000026,1996-11-14,1996-11-14,"researched 2026-09-28: Delaware Business Times / Wikipedia",9999-12-31,,,true,opened,brewpub,,
bwr_00000016,loc_00000027,2026-05-01,2026-05,"researched 2026-09-28: reopened Mother's Day weekend 2026 after chain closure; original opening not found (NBC10 / WDEL)",9999-12-31,,,true,opened,brewpub,,
bwr_00000016,loc_00000028,2026-06-22,2026-06-22,"researched 2026-09-28: reopened under new ownership after 2025 chain bankruptcy; original opening not found (Inquirer / Patch)",9999-12-31,,,true,opened,brewpub,,
bwr_00000016,loc_00000029,2026-09-01,,"PLACEHOLDER: default 2026-09-01; opening date not found: North Wales opening not found; chain closed all locations Sept-Oct 2025, reopening not found",9999-12-31,,,true,opened,brewpub,,
bwr_00000017,loc_00000030,2016-03-01,2016-03,"researched 2026-09-28: web search",9999-12-31,,,true,opened,micro,,
bwr_00000018,loc_00000031,2018-01-12,2018-01-12,"researched 2026-09-28: Press of Atlantic City",9999-12-31,,,true,opened,micro,,
bwr_00000019,loc_00000032,2025-01-09,2025-01-09,"researched 2026-09-28: soft opening; grand opening 2025-01-11 (Press of AC / 97.3 ESPN)",9999-12-31,,,true,opened,,,"added from NJCB directory (newjerseycraftbeer.com/new-jersey-breweries/, page updated 2026-08-17)"
bwr_00000020,loc_00000033,2019-04-11,2019-04-11,"researched 2026-09-28: Press of Atlantic City",9999-12-31,,,true,opened,,,"added from NJCB directory (newjerseycraftbeer.com/new-jersey-breweries/, page updated 2026-08-17)"
bwr_00000021,loc_00000034,2025-04-26,2025-04-26,"researched 2026-09-28: 42 Freeway / 97.3 ESPN",9999-12-31,,,true,opened,,,"added from NJCB directory (newjerseycraftbeer.com/new-jersey-breweries/, page updated 2026-08-17)"
bwr_00000022,loc_00000035,2020-10-29,2020-10-29,"researched 2026-09-28: brewery opened; tasting room Feb 2021 (Press of AC)",9999-12-31,,,true,opened,,,"added from NJCB directory (newjerseycraftbeer.com/new-jersey-breweries/, page updated 2026-08-17)"
bwr_00000023,loc_00000036,2016-01-01,2016,"researched 2026-09-28: web search",9999-12-31,,,true,opened,micro,,
bwr_00000024,loc_00000037,1998-01-01,1998,"researched 2026-09-28: Wikipedia list of NJ breweries",9999-12-31,,,true,opened,brewpub,,
bwr_00000025,loc_00000038,2026-05-09,2026-05-09,"researched 2026-09-28: invite-only grand opening (Eventbrite / Boozy Burbs)",9999-12-31,,,true,opened,,,"added from NJCB directory (newjerseycraftbeer.com/new-jersey-breweries/, page updated 2026-08-17)"
bwr_00000026,loc_00000039,2020-01-01,2020,"researched 2026-09-28: Carlstadt taproom (web search)",9999-12-31,,,true,opened,,,"added from NJCB directory (newjerseycraftbeer.com/new-jersey-breweries/, page updated 2026-08-17)"
bwr_00000027,loc_00000040,2015-05-01,2015-05,"researched 2026-09-28: web search (Brix City site)",9999-12-31,,,true,opened,micro,,
bwr_00000028,loc_00000041,2022-04-29,2022-04-29,"researched 2026-09-28: grand opening (BergenMama)",9999-12-31,,,true,opened,,,"added from NJCB directory (newjerseycraftbeer.com/new-jersey-breweries/, page updated 2026-08-17)"
bwr_00000029,loc_00000042,2019-01-01,2019,"researched 2026-09-28: web search",9999-12-31,,,true,opened,,,"added from NJCB directory (newjerseycraftbeer.com/new-jersey-breweries/, page updated 2026-08-17)"
bwr_00000030,loc_00000043,2026-09-01,,"PLACEHOLDER: default 2026-09-01; opening date not found: opening targeted Dec 2025-Jan 2026, actual date not confirmed (Community News)",9999-12-31,,,true,opened,,,"added from NJCB directory (newjerseycraftbeer.com/new-jersey-breweries/, page updated 2026-08-17)"
bwr_00000031,loc_00000044,2019-12-07,2019-12-07,"researched 2026-09-28: opened to public (42 Freeway)",9999-12-31,,,true,opened,,,"added from NJCB directory (newjerseycraftbeer.com/new-jersey-breweries/, page updated 2026-08-17)"
bwr_00000032,loc_00000045,2026-09-01,,"PLACEHOLDER: default 2026-09-01; opening date not found: targeted early fall 2023, actual date not confirmed (42 Freeway)",9999-12-31,,,true,opened,,,"added from NJCB directory (newjerseycraftbeer.com/new-jersey-breweries/, page updated 2026-08-17)"
bwr_00000033,loc_00000046,2020-01-01,2020,"researched 2026-09-28: founded 2020 (brewery site)",9999-12-31,,,true,opened,,,"added from NJCB directory (newjerseycraftbeer.com/new-jersey-breweries/, page updated 2026-08-17)"
bwr_00000034,loc_00000047,2022-06-01,2022-06,"researched 2026-09-28: web search",9999-12-31,,,true,opened,,,"added from NJCB directory (newjerseycraftbeer.com/new-jersey-breweries/, page updated 2026-08-17)"
bwr_00000035,loc_00000048,2016-05-19,2016-05-19,"researched 2026-09-28: grand opening; licensed 2016-04-15 (web search)",9999-12-31,,,true,opened,micro,,
bwr_00000036,loc_00000049,2026-09-01,,"PLACEHOLDER: default 2026-09-01; opening date not found: brewpub (Coaled Roots Brewing) start date not found",9999-12-31,,,true,opened,brewpub,,"added from NJCB directory (newjerseycraftbeer.com/new-jersey-breweries/, page updated 2026-08-17)"
bwr_00000037,loc_00000050,2014-10-01,2014-10,"researched 2026-09-28: web search",9999-12-31,,,true,opened,micro,,
bwr_00000038,loc_00000051,2023-03-17,2023-03-17,"researched 2026-09-28: 42 Freeway",9999-12-31,,,true,opened,,,"added from NJCB directory (newjerseycraftbeer.com/new-jersey-breweries/, page updated 2026-08-17)"
bwr_00000039,loc_00000052,2023-04-01,2023-04,"researched 2026-09-28: derived from 1-year anniversary 2024-04-13 (NJCB)",9999-12-31,,,true,opened,,,"added from NJCB directory (newjerseycraftbeer.com/new-jersey-breweries/, page updated 2026-08-17)"
bwr_00000040,loc_00000053,2019-07-19,2019-07-19,"researched 2026-09-28: Community News / WPST",9999-12-31,,,true,opened,,,"added from NJCB directory (newjerseycraftbeer.com/new-jersey-breweries/, page updated 2026-08-17)"
bwr_00000041,loc_00000054,2013-12-21,2013-12-21,"researched 2026-09-28: PA Eats",9999-12-31,,,true,opened,micro,,
bwr_00000042,loc_00000055,2017-09-09,2017-09-09,"researched 2026-09-28: PA Eats / Jersey Bites",9999-12-31,,,true,opened,micro,,
bwr_00000043,loc_00000056,2014-01-01,2014,"researched 2026-09-28: sources split 2014 vs 2015 (web search)",9999-12-31,,,true,opened,micro,,
bwr_00000044,loc_00000057,2015-10-01,2015-10,"researched 2026-09-28: web search",9999-12-31,,,true,opened,micro,,
bwr_00000045,loc_00000058,2026-02-01,2026-02,"researched 2026-09-28: reopened Super Bowl weekend under new owner after 2025 sale (year inferred); originally opened 2016-10-09 (42 Freeway)",9999-12-31,,,true,opened,micro,,
bwr_00000046,loc_00000059,2020-11-27,2020-11-27,"researched 2026-09-28: grand opening (web search)",9999-12-31,,,true,opened,,,"added from NJCB directory (newjerseycraftbeer.com/new-jersey-breweries/, page updated 2026-08-17)"
bwr_00000047,loc_00000060,2022-11-01,2022-11,"researched 2026-09-28: 42 Freeway / NJ PEN",9999-12-31,,,true,opened,,,"added from NJCB directory (newjerseycraftbeer.com/new-jersey-breweries/, page updated 2026-08-17)"
bwr_00000048,loc_00000061,2024-06-01,2024-06-01,"researched 2026-09-28: 42 Freeway / lifestyles.media",9999-12-31,,,true,opened,,,"added from NJCB directory (newjerseycraftbeer.com/new-jersey-breweries/, page updated 2026-08-17)"
bwr_00000049,loc_00000062,2022-01-01,2022,"researched 2026-09-28: grand opening mid-2022 (42 Freeway)",9999-12-31,,,true,opened,,,"added from NJCB directory (newjerseycraftbeer.com/new-jersey-breweries/, page updated 2026-08-17)"
bwr_00000050,loc_00000063,2025-06-01,2025-06,"researched 2026-09-28: open by 2025-06-15 after soft opening (Wildwood Video Archive)",9999-12-31,,,true,opened,,,"added from NJCB directory (newjerseycraftbeer.com/new-jersey-breweries/, page updated 2026-08-17)"
bwr_00000051,loc_00000064,2017-08-01,2017-08,"researched 2026-09-28: web search",9999-12-31,,,true,opened,brewpub,,"added from NJCB directory (newjerseycraftbeer.com/new-jersey-breweries/, page updated 2026-08-17)"
bwr_00000052,loc_00000065,2022-02-01,2022-02,"researched 2026-09-28: web search",9999-12-31,,,true,opened,,,"added from NJCB directory (newjerseycraftbeer.com/new-jersey-breweries/, page updated 2026-08-17); name corrected to the brewery's own"
bwr_00000053,loc_00000066,2011-07-01,2011-07,"researched 2026-09-28: web search",9999-12-31,,,true,opened,micro,,
bwr_00000054,loc_00000067,2016-01-01,2016,"researched 2026-09-28: operational 2016 (brewery site / Cape May Magazine)",9999-12-31,,,true,opened,micro,,
bwr_00000055,loc_00000068,2018-01-01,2018,"researched 2026-09-28: founded late 2018 (NJCB / SJ Beer Scene)",9999-12-31,,,true,opened,,,"added from NJCB directory (newjerseycraftbeer.com/new-jersey-breweries/, page updated 2026-08-17)"
bwr_00000056,loc_00000069,2024-06-01,2024-06,"researched 2026-09-28: projected opening 2024-06-13, later reported open (Press of AC / Wooder Ice)",9999-12-31,,,true,opened,,,"added from NJCB directory (newjerseycraftbeer.com/new-jersey-breweries/, page updated 2026-08-17)"
bwr_00000057,loc_00000070,2018-01-01,2018,"researched 2026-09-28: web search",9999-12-31,,,true,opened,brewpub,,
bwr_00000058,loc_00000071,2025-03-06,2025-03-06,"researched 2026-09-28: Press of Atlantic City / 97.3 ESPN",9999-12-31,,,true,opened,micro,,"successor to Bucket Brigade Brewery (closed 2025-01-26), same site, rebranded by owner's son; website not found"
bwr_00000059,loc_00000072,2015-12-01,2015-12,"researched 2026-09-28: web search",9999-12-31,,,true,opened,micro,,
bwr_00000060,loc_00000073,2024-01-01,2024,"researched 2026-09-28: renamed from COHO Brewing Co (site opened 2018) under new owners 2024 (Wildwood Video Archive)",9999-12-31,,,true,opened,,,"added from NJCB directory (newjerseycraftbeer.com/new-jersey-breweries/, page updated 2026-08-17)"
bwr_00000061,loc_00000074,2013-12-20,2013-12-20,"researched 2026-09-28: web search (brewery site)",9999-12-31,,,true,opened,micro,,
bwr_00000062,loc_00000075,2026-09-01,,"PLACEHOLDER: default 2026-09-01; opening date not found: tasting room planned for 2026, opening not confirmed; beer distributed from May 2024",9999-12-31,,,true,opened,,,"added from NJCB directory (newjerseycraftbeer.com/new-jersey-breweries/, page updated 2026-08-17)"
bwr_00000063,loc_00000076,2002-01-01,2002,"researched 2026-09-28: opened to public 2002; founded 2000, site says est. 2001 (Wikipedia)",9999-12-31,,,true,opened,micro,,
bwr_00000064,loc_00000077,1998-06-01,1998-06,"researched 2026-09-28: NJ Monthly / web search",9999-12-31,,,true,opened,brewpub,,
bwr_00000065,loc_00000078,2018-10-01,2018-10,"researched 2026-09-28: Montclair Girl",9999-12-31,,,true,opened,,,"added from NJCB directory (newjerseycraftbeer.com/new-jersey-breweries/, page updated 2026-08-17)"
bwr_00000066,loc_00000079,2021-01-01,2021,"researched 2026-09-28: late 2021 (The Newarker)",9999-12-31,,,true,opened,,,"added from NJCB directory (newjerseycraftbeer.com/new-jersey-breweries/, page updated 2026-08-17)"
bwr_00000067,loc_00000080,2025-07-02,2025-07-02,"researched 2026-09-28: soft opening (The Village Green)",9999-12-31,,,true,opened,,,"added from NJCB directory (newjerseycraftbeer.com/new-jersey-breweries/, page updated 2026-08-17)"
bwr_00000068,loc_00000081,2018-01-01,2018,"researched 2026-09-28: established 2018 (web search)",9999-12-31,,,true,opened,,,"added from NJCB directory (newjerseycraftbeer.com/new-jersey-breweries/, page updated 2026-08-17)"
bwr_00000069,loc_00000082,2023-10-28,2023-10-28,"researched 2026-09-28: Montclair Girl",9999-12-31,,,true,opened,,,"added from NJCB directory (newjerseycraftbeer.com/new-jersey-breweries/, page updated 2026-08-17)"
bwr_00000070,loc_00000083,2018-04-13,2018-04-13,"researched 2026-09-28: grand opening Friday the 13th (42 Freeway)",9999-12-31,,,true,opened,,,"added from NJCB directory (newjerseycraftbeer.com/new-jersey-breweries/, page updated 2026-08-17)"
bwr_00000071,loc_00000084,2019-04-06,2019-04-06,"researched 2026-09-28: 42 Freeway",9999-12-31,,,true,opened,,,"added from NJCB directory (newjerseycraftbeer.com/new-jersey-breweries/, page updated 2026-08-17)"
bwr_00000072,loc_00000085,2018-10-01,2018-10,"researched 2026-09-28: web search",9999-12-31,,,true,opened,micro,,
bwr_00000073,loc_00000086,2022-09-01,2022-09,"researched 2026-09-28: opened September, year inferred from 2022 announcements (42 Freeway / Sun Newspapers)",9999-12-31,,,true,opened,,,"added from NJCB directory (newjerseycraftbeer.com/new-jersey-breweries/, page updated 2026-08-17)"
bwr_00000074,loc_00000087,2019-08-02,2019-08-02,"researched 2026-09-28: SJ Beer Scene",9999-12-31,,,true,opened,,,"added from NJCB directory (newjerseycraftbeer.com/new-jersey-breweries/, page updated 2026-08-17)"
bwr_00000075,loc_00000088,2017-08-01,2017-08,"researched 2026-09-28: web search (brewery history page)",9999-12-31,,,true,opened,micro,,
bwr_00000076,loc_00000089,2019-05-01,2019-05,"researched 2026-09-28: NJ Monthly 2019-05-23 (search summary wrongly said 2026-07; verified at source)",9999-12-31,,,true,opened,,,"added from NJCB directory (newjerseycraftbeer.com/new-jersey-breweries/, page updated 2026-08-17)"
bwr_00000077,loc_00000090,2025-11-10,2025-11-10,"researched 2026-09-28: soft opening (WMMR / 42 Freeway)",9999-12-31,,,true,opened,,,"added from NJCB directory (newjerseycraftbeer.com/new-jersey-breweries/, page updated 2026-08-17)"
bwr_00000078,loc_00000091,2021-05-15,2021-05-15,"researched 2026-09-28: 42 Freeway",9999-12-31,,,true,opened,,,"added from NJCB directory (newjerseycraftbeer.com/new-jersey-breweries/, page updated 2026-08-17)"
bwr_00000079,loc_00000092,2018-06-01,2018-06,"researched 2026-09-28: grand opening 2018-06-23 (SJ Beer Scene)",9999-12-31,,,true,opened,,,"added from NJCB directory (newjerseycraftbeer.com/new-jersey-breweries/, page updated 2026-08-17)"
bwr_00000080,loc_00000093,2020-05-12,2020-05-12,"researched 2026-09-28: doors opened; facility completed March 2020 (Jersey Digs / JCity Times)",9999-12-31,,,true,opened,,,"added from NJCB directory (newjerseycraftbeer.com/new-jersey-breweries/, page updated 2026-08-17)"
bwr_00000081,loc_00000094,2015-01-01,2015,"researched 2026-09-28: summer 2015 (web search)",9999-12-31,,,true,opened,micro,,
bwr_00000082,loc_00000095,2026-09-01,,"PLACEHOLDER: default 2026-09-01; opening date not found: beer reached shelves 2017-09 (News12); no taproom opening confirmed",9999-12-31,,,true,opened,,,"added from NJCB directory (newjerseycraftbeer.com/new-jersey-breweries/, page updated 2026-08-17)"
bwr_00000083,loc_00000096,2010-05-01,2010-05,"researched 2026-09-28: production began; founded 2009 (web search)",9999-12-31,,,true,opened,micro,,
bwr_00000084,loc_00000097,2015-01-01,2015,"researched 2026-09-28: founded 2015 (brewery site / NJ Monthly)",9999-12-31,,,true,opened,micro,,"NJCB lists Raritan Township; same Minneakoning Rd trade center as the Flemington address"
bwr_00000085,loc_00000098,2021-05-01,2021-05-01,"researched 2026-09-28: Descendants opened at the former Ship Inn (NJ Monthly / Jersey Digs)",9999-12-31,,,true,opened,brewpub,,"NJCB still lists this Milford brewpub under its former name, The Ship Inn Restaurant & Brewery"
bwr_00000086,loc_00000099,2026-09-01,,"PLACEHOLDER: default 2026-09-01; opening date not found: opening date not found",9999-12-31,,,true,opened,,,"added from NJCB directory (newjerseycraftbeer.com/new-jersey-breweries/, page updated 2026-08-17); directory spells it 'Eskar Hart', brewery's own spelling is 'Esker Hart'"
bwr_00000087,loc_00000100,2016-07-21,2016-07-21,"researched 2026-09-28: web search",9999-12-31,,,true,opened,brewpub,,
bwr_00000088,loc_00000101,2020-01-01,2020-01,"researched 2026-09-28: late January 2020 (Community News)",9999-12-31,,,true,opened,,,"added from NJCB directory (newjerseycraftbeer.com/new-jersey-breweries/, page updated 2026-08-17)"
bwr_00000089,loc_00000102,2018-01-01,2018,"researched 2026-09-28: established 2018 (brewery site)",9999-12-31,,,true,opened,,,"added from NJCB directory (newjerseycraftbeer.com/new-jersey-breweries/, page updated 2026-08-17); production brewery with no tasting room"
bwr_00000090,loc_00000103,2021-01-01,2021,"researched 2026-09-28: inferred: 'open almost three years' in Sept 2024 article, 'brand new' Feb 2022 (Hoboken Girl / Jersey Bites)",9999-12-31,,,true,opened,,,"added from NJCB directory (newjerseycraftbeer.com/new-jersey-breweries/, page updated 2026-08-17); postal town is Neshanic Station"
bwr_00000091,loc_00000104,2019-11-16,2019-11-16,"researched 2026-09-28: web search",9999-12-31,,,true,opened,,,"added from NJCB directory (newjerseycraftbeer.com/new-jersey-breweries/, page updated 2026-08-17)"
bwr_00000092,loc_00000105,2024-10-01,2024-10,"researched 2026-09-28: web search",9999-12-31,,,true,opened,,,"added from NJCB directory (newjerseycraftbeer.com/new-jersey-breweries/, page updated 2026-08-17)"
bwr_00000093,loc_00000106,2024-08-02,2024-08-02,"researched 2026-09-28: Hamilton Twp / WPST",9999-12-31,,,true,opened,,,"added from NJCB directory (newjerseycraftbeer.com/new-jersey-breweries/, page updated 2026-08-17)"
bwr_00000094,loc_00000107,2025-02-14,2025-02-14,"researched 2026-09-28: grand opening (Island in the Net)",9999-12-31,,,true,opened,,,"added from NJCB directory (newjerseycraftbeer.com/new-jersey-breweries/, page updated 2026-08-17)"
bwr_00000095,loc_00000108,2020-06-01,2020-06,"researched 2026-09-28: beer garden and cans-to-go opening (Community News)",9999-12-31,,,true,opened,,,"added from NJCB directory (newjerseycraftbeer.com/new-jersey-breweries/, page updated 2026-08-17)"
bwr_00000096,loc_00000109,2013-01-01,2013,"researched 2026-09-28: moved to Ewing 2013; founded Lambertville 1996 (Wikipedia)",9999-12-31,,,true,opened,micro,,
bwr_00000097,loc_00000110,2023-12-01,2023-12,"researched 2026-09-28: web search",9999-12-31,,,true,opened,,,"added from NJCB directory (newjerseycraftbeer.com/new-jersey-breweries/, page updated 2026-08-17)"
bwr_00000098,loc_00000111,2016-12-01,2016-12,"researched 2026-09-28: no taproom; beers poured at Brick Farm Tavern (web search)",9999-12-31,,,true,opened,micro,,
bwr_00000099,loc_00000112,2015-01-01,2015,"researched 2026-09-28: one source says est. 2013 (web search)",9999-12-31,,,true,opened,micro,,"UNRESOLVED: NJCB lists it closed June 2026; a second source (Yelp, Aug 2026) does not mark it closed; kept pending confirmation"
bwr_00000100,loc_00000113,1996-01-01,1996,"researched 2026-09-28: brewery site / Wikipedia",9999-12-31,,,true,opened,brewpub,,
bwr_00000101,loc_00000114,2026-08-01,2026-08,"researched 2026-09-28: started pouring Aug 2026; grand opening scheduled 2026-10-10 (NJCB / Magic 98.3)",9999-12-31,,,true,opened,,,"added from NJCB directory (newjerseycraftbeer.com/new-jersey-breweries/, page updated 2026-08-17); opened in the former Ashton Brewing space"
bwr_00000102,loc_00000115,2020-01-01,2020,"researched 2026-09-28: operating by 2020-10-31 (Patch / Hungry Onion)",9999-12-31,,,true,opened,brewpub,,"added from NJCB directory (newjerseycraftbeer.com/new-jersey-breweries/, page updated 2026-08-17)"
bwr_00000103,loc_00000116,2024-05-01,2024-05,"researched 2026-09-28: reopened at new Cookman Ave location May 2024 after years-long closure; first opened Sewall Ave Aug 2016 (Patch / The Coaster)",9999-12-31,,,true,opened,micro,,
bwr_00000104,loc_00000117,2023-12-30,2023-12-30,"researched 2026-09-28: grand opening (Jersey Shore Girl)",9999-12-31,,,true,opened,,,"added from NJCB directory (newjerseycraftbeer.com/new-jersey-breweries/, page updated 2026-08-17); name corrected to the brewery's own"
bwr_00000105,loc_00000118,2015-03-01,2015-03-01,"researched 2026-09-28: web search",9999-12-31,,,true,opened,micro,,
bwr_00000106,loc_00000119,2014-08-01,2014-08-01,"researched 2026-09-28: Two River Times",9999-12-31,,,true,opened,micro,,
bwr_00000107,loc_00000120,2022-10-15,2022-10-15,"researched 2026-09-28: Brewbound / Patch",9999-12-31,,,true,opened,,,"added from NJCB directory (newjerseycraftbeer.com/new-jersey-breweries/, page updated 2026-08-17)"
bwr_00000108,loc_00000121,2011-08-01,2011-08,"researched 2026-09-28: web search (Wikipedia)",9999-12-31,,,true,opened,micro,,
bwr_00000109,loc_00000122,2026-04-04,2026-04-04,"researched 2026-09-28: took over Bradley Brew Project space (web search)",9999-12-31,,,true,opened,,,"added from NJCB directory (newjerseycraftbeer.com/new-jersey-breweries/, page updated 2026-08-17)"
bwr_00000110,loc_00000123,2011-08-01,2011-08,"researched 2026-09-28: founded Aug 2011 (Wikipedia)",9999-12-31,,,true,opened,micro,,
bwr_00000111,loc_00000124,2014-11-01,2014-11,"researched 2026-09-28: web search",9999-12-31,,,true,opened,micro,,
bwr_00000112,loc_00000125,2015-01-01,2015,"researched 2026-09-28: one source says est. 2014 (web search)",9999-12-31,,,true,opened,micro,,
bwr_00000113,loc_00000126,2021-05-06,2021-05-06,"researched 2026-09-28: soft opening (The Journal)",9999-12-31,,,true,opened,,,"added from NJCB directory (newjerseycraftbeer.com/new-jersey-breweries/, page updated 2026-08-17)"
bwr_00000114,loc_00000127,2025-08-01,2025-08-01,"researched 2026-09-28: Jersey Shore Girl",9999-12-31,,,true,opened,,,"added from NJCB directory (newjerseycraftbeer.com/new-jersey-breweries/, page updated 2026-08-17)"
bwr_00000115,loc_00000128,2019-08-02,2019-08-02,"researched 2026-09-28: ribbon cutting (Two River Times)",9999-12-31,,,true,opened,,,"added from NJCB directory (newjerseycraftbeer.com/new-jersey-breweries/, page updated 2026-08-17)"
bwr_00000116,loc_00000129,2024-01-01,2024-01,"researched 2026-09-28: one source says December grand opening (web search)",9999-12-31,,,true,opened,,,"added from NJCB directory (newjerseycraftbeer.com/new-jersey-breweries/, page updated 2026-08-17)"
bwr_00000117,loc_00000130,2018-11-05,2018-11-05,"researched 2026-09-28: Wikipedia / Ale Street News",9999-12-31,,,true,opened,brewpub,,"added from NJCB directory (newjerseycraftbeer.com/new-jersey-breweries/, page updated 2026-08-17)"
bwr_00000118,loc_00000131,2022-09-02,2022-09-02,"researched 2026-09-28: tasting room opening in former Jughandle space (Patch 2022-09-01)",9999-12-31,,,true,opened,,,"added from NJCB directory (newjerseycraftbeer.com/new-jersey-breweries/, page updated 2026-08-17)"
bwr_00000119,loc_00000132,2022-09-03,2022-09-03,"researched 2026-09-28: grand opening (NJCB)",9999-12-31,,,true,opened,,,"added from NJCB directory (newjerseycraftbeer.com/new-jersey-breweries/, page updated 2026-08-17)"
bwr_00000120,loc_00000133,2023-03-24,2023-03-24,"researched 2026-09-28: web search",9999-12-31,,,true,opened,,,"added from NJCB directory (newjerseycraftbeer.com/new-jersey-breweries/, page updated 2026-08-17)"
bwr_00000121,loc_00000134,2019-01-01,2019,"researched 2026-09-28: late spring 2019 (Patch)",9999-12-31,,,true,opened,,,"added from NJCB directory (newjerseycraftbeer.com/new-jersey-breweries/, page updated 2026-08-17)"
bwr_00000122,loc_00000135,2023-06-24,2023-06-24,"researched 2026-09-28: web search",9999-12-31,,,true,opened,,,"added from NJCB directory (newjerseycraftbeer.com/new-jersey-breweries/, page updated 2026-08-17)"
bwr_00000123,loc_00000136,2022-09-03,2022-09-03,"researched 2026-09-28: grand opening (TAPinto)",9999-12-31,,,true,opened,,,"added from NJCB directory (newjerseycraftbeer.com/new-jersey-breweries/, page updated 2026-08-17)"
bwr_00000124,loc_00000137,2021-10-30,2021-10-30,"researched 2026-09-28: grand reopening after move from Denville (opened there Jan 2018) (brewery news page)",9999-12-31,,,true,opened,,,"added from NJCB directory (newjerseycraftbeer.com/new-jersey-breweries/, page updated 2026-08-17)"
bwr_00000125,loc_00000138,2021-02-01,2021-02,"researched 2026-09-28: web search (Jersey Bites)",9999-12-31,,,true,opened,,,"added from NJCB directory (newjerseycraftbeer.com/new-jersey-breweries/, page updated 2026-08-17)"
bwr_00000126,loc_00000139,1996-01-01,1996,"researched 2026-09-28: founded 1996 (web search)",9999-12-31,,,true,opened,micro,,
bwr_00000127,loc_00000140,1995-01-01,1995,"researched 2026-09-28: brewpub conversion began Jan 1995 (web search / Wikipedia)",9999-12-31,,,true,opened,brewpub,,
bwr_00000128,loc_00000141,2022-11-01,2022-11,"researched 2026-09-28: late Nov 2022 (web search)",9999-12-31,,,true,opened,,,"added from NJCB directory (newjerseycraftbeer.com/new-jersey-breweries/, page updated 2026-08-17)"
bwr_00000129,loc_00000142,2026-07-18,2026-07-18,"researched 2026-09-28: grand opening Saturday July 18 (TAPinto); summer 2026 confirmed (Shop Morris County 2026-09-24)",9999-12-31,,,true,opened,,,"added from NJCB directory (newjerseycraftbeer.com/new-jersey-breweries/, page updated 2026-08-17)"
bwr_00000130,loc_00000143,2016-05-01,2016-05,"researched 2026-09-28: web search",9999-12-31,,,true,opened,micro,,
bwr_00000131,loc_00000144,1997-01-01,1997,"researched 2026-09-28: opened 1997 as Basil T's Brew Pub; new owners 2001; renamed Artisan's 2010 (Wikipedia)",9999-12-31,,,true,opened,brewpub,,
bwr_00000132,loc_00000145,2020-01-01,2020,"researched 2026-09-28: summer 2020 (web search)",9999-12-31,,,true,opened,,,"added from NJCB directory (newjerseycraftbeer.com/new-jersey-breweries/, page updated 2026-08-17)"
bwr_00000133,loc_00000146,2026-03-01,2026-03,"researched 2026-09-28: open two weekends as of 2026-03-15 (web search)",9999-12-31,,,true,opened,,,"added from NJCB directory (newjerseycraftbeer.com/new-jersey-breweries/, page updated 2026-08-17)"
bwr_00000134,loc_00000147,2026-09-01,,"PLACEHOLDER: default 2026-09-01; opening date not found: farm brewery; opening date not found",9999-12-31,,,true,opened,,,"added from NJCB directory (newjerseycraftbeer.com/new-jersey-breweries/, page updated 2026-08-17)"
bwr_00000135,loc_00000148,2018-04-01,2018-04,"researched 2026-09-28: web search",9999-12-31,,,true,opened,micro,,
bwr_00000136,loc_00000149,2017-05-01,2017-05,"researched 2026-09-28: Memorial Day weekend 2017 (Jersey Bites)",9999-12-31,,,true,opened,micro,,
bwr_00000137,loc_00000150,2026-09-01,,"PLACEHOLDER: default 2026-09-01; opening date not found: opening date not found",9999-12-31,,,true,opened,,,"added from NJCB directory (newjerseycraftbeer.com/new-jersey-breweries/, page updated 2026-08-17)"
bwr_00000138,loc_00000151,2025-09-01,2025-09,"researched 2026-09-28: soft-opening pop-ups Sept 2025; official opening Oct 2025 (Jersey Shore Girl)",9999-12-31,,,true,opened,,,"added from NJCB directory (newjerseycraftbeer.com/new-jersey-breweries/, page updated 2026-08-17)"
bwr_00000139,loc_00000152,2017-05-21,2017-05-21,"researched 2026-09-28: web search",9999-12-31,,,true,opened,micro,,
bwr_00000140,loc_00000153,2018-01-01,2018,"researched 2026-09-28: web search",9999-12-31,,,true,opened,,,"added from NJCB directory (newjerseycraftbeer.com/new-jersey-breweries/, page updated 2026-08-17)"
bwr_00000141,loc_00000154,2014-03-01,2014-03-01,"researched 2026-09-28: web search",9999-12-31,,,true,opened,micro,,
bwr_00000142,loc_00000155,2016-08-01,2016-08,"researched 2026-09-28: web search",9999-12-31,,,true,opened,micro,,
bwr_00000143,loc_00000156,2019-04-20,2019-04-20,"researched 2026-09-28: web search (Wikipedia)",9999-12-31,,,true,opened,,,"added from NJCB directory (newjerseycraftbeer.com/new-jersey-breweries/, page updated 2026-08-17)"
bwr_00000144,loc_00000157,2020-05-01,2020-05,"researched 2026-09-28: opened for takeout during COVID (Patch)",9999-12-31,,,true,opened,,,"added from NJCB directory (newjerseycraftbeer.com/new-jersey-breweries/, page updated 2026-08-17)"
bwr_00000145,loc_00000158,2025-12-20,2025-12-20,"researched 2026-09-28: opening weekend 2025-12-20/21 (42 Freeway / WMMR)",9999-12-31,,,true,opened,,,"added from NJCB directory (newjerseycraftbeer.com/new-jersey-breweries/, page updated 2026-08-17)"
bwr_00000146,loc_00000159,2022-06-23,2022-06-23,"researched 2026-09-28: 42 Freeway",9999-12-31,,,true,opened,,,"added from NJCB directory (newjerseycraftbeer.com/new-jersey-breweries/, page updated 2026-08-17)"
bwr_00000147,loc_00000160,2023-01-01,2023,"researched 2026-09-28: 42 Freeway",9999-12-31,,,true,opened,,,"added from NJCB directory (newjerseycraftbeer.com/new-jersey-breweries/, page updated 2026-08-17)"
bwr_00000148,loc_00000161,2018-01-01,2018,"researched 2026-09-28: one source says est. 2016 (web search)",9999-12-31,,,true,opened,brewpub,,"added from NJCB directory (newjerseycraftbeer.com/new-jersey-breweries/, page updated 2026-08-17); listed as temporarily closed"
bwr_00000149,loc_00000162,2013-10-01,2013-10,"researched 2026-09-28: opened to public (Wikipedia)",9999-12-31,,,true,opened,micro,,
bwr_00000150,loc_00000163,2018-04-01,2018-04,"researched 2026-09-28: NJ Monthly / E-Malt",9999-12-31,,,true,opened,brewpub,,"added from NJCB directory (newjerseycraftbeer.com/new-jersey-breweries/, page updated 2026-08-17)"
bwr_00000151,loc_00000164,1999-01-01,1999,"researched 2026-09-28: first house beer served 1999; restaurant since 1927 (web search)",9999-12-31,,,true,opened,brewpub,,
bwr_00000152,loc_00000165,2026-09-01,,"PLACEHOLDER: default 2026-09-01; opening date not found: opening date not found; open by July 2026 per reviews",9999-12-31,,,true,opened,,,"added from NJCB directory (newjerseycraftbeer.com/new-jersey-breweries/, page updated 2026-08-17)"
bwr_00000153,loc_00000166,2024-05-01,2024-05,"researched 2026-09-28: Alias Brew Works started May 2024; rename to Vernon Brewing date not found (web search)",9999-12-31,,,true,opened,,,"added from NJCB directory (newjerseycraftbeer.com/new-jersey-breweries/, page updated 2026-08-17); website is still the aliasbrewworks.com domain"
bwr_00000154,loc_00000167,2020-12-01,2020-12,"researched 2026-09-28: opened at limited capacity Dec 2020 (Patch)",9999-12-31,,,true,opened,,,"added from NJCB directory (newjerseycraftbeer.com/new-jersey-breweries/, page updated 2026-08-17); an older BeerAdvocate thread reports an ABC shutdown, but 2026 listings show it operating"
bwr_00000155,loc_00000168,1996-02-01,1996-02,"researched 2026-09-28: facility opened Feb 1996; founded 1994 (Wikipedia)",9999-12-31,,,true,opened,micro,,
bwr_00000156,loc_00000169,2021-02-05,2021-02-05,"researched 2026-09-28: web search (Patch)",9999-12-31,,,true,opened,,,"added from NJCB directory (newjerseycraftbeer.com/new-jersey-breweries/, page updated 2026-08-17)"
bwr_00000157,loc_00000170,1997-01-01,1997,"researched 2026-09-28: web search",9999-12-31,,,true,opened,brewpub,,
bwr_00000158,loc_00000171,2018-10-13,2018-10-13,"researched 2026-09-28: Kenilworth facility; contract brewer since 2014 (Patch)",9999-12-31,,,true,opened,micro,,
bwr_00000159,loc_00000172,2019-01-01,2019,"researched 2026-09-28: early 2019 (web search)",9999-12-31,,,true,opened,,,"added from NJCB directory (newjerseycraftbeer.com/new-jersey-breweries/, page updated 2026-08-17)"
bwr_00000160,loc_00000173,2016-11-01,2016-11,"researched 2026-09-28: sources split Nov 2016 vs 2017 (web search)",9999-12-31,,,true,opened,micro,,
bwr_00000161,loc_00000174,2026-09-01,,"PLACEHOLDER: default 2026-09-01; opening date not found: likely late 2017 or early 2018, not confirmed",9999-12-31,,,true,opened,,,"added from NJCB directory (newjerseycraftbeer.com/new-jersey-breweries/, page updated 2026-08-17)"
bwr_00000162,loc_00000175,2016-06-11,2016-06-11,"researched 2026-09-28: restaurant opened; on-site brewing followed (Sparta Independent May 2017)",9999-12-31,,,true,opened,brewpub,,
bwr_00000163,loc_00000176,2016-06-01,2016-06,"researched 2026-09-28: web search",9999-12-31,,,true,opened,micro,,
bwr_00000164,loc_00000177,2016-04-01,2016-04,"researched 2026-09-28: opened to public; formed 2014 (web search)",9999-12-31,,,true,opened,micro,,
bwr_00000165,loc_00000178,2015-10-03,2015-10-03,"researched 2026-09-28: web search",9999-12-31,,,true,opened,micro,,
bwr_00000166,loc_00000179,2015-05-16,2015-05-16,"researched 2026-09-28: web search (DelawareBeerHistory)",9999-12-31,,,true,opened,micro,,
bwr_00000167,loc_00000180,2016-01-01,2016,"researched 2026-09-28: founded 2016 (Delaware Today)",9999-12-31,,,true,opened,brewpub,,
bwr_00000168,loc_00000181,2012-03-20,2012-03-20,"researched 2026-09-28: brewery at Pietro's Pizza (web search)",9999-12-31,,,true,opened,brewpub,,
bwr_00000169,loc_00000182,2016-05-01,2016-05,"researched 2026-09-28: web search",9999-12-31,,,true,opened,micro,,
bwr_00000170,loc_00000183,2016-01-01,2016,"researched 2026-09-28: established 2016 (Delaware Today)",9999-12-31,,,true,opened,brewpub,,
bwr_00000171,loc_00000184,2017-02-03,2017-02-03,"researched 2026-09-28: web search (DelawareBeerHistory)",9999-12-31,,,true,opened,micro,,
bwr_00000172,loc_00000185,2017-02-03,2017-02-03,"researched 2026-09-28: same brewery as the 'Midnight Oil Brewing' row (web search)",9999-12-31,,,true,opened,micro,,
bwr_00000173,loc_00000186,1993-01-01,1993,"researched 2026-09-28: restaurant opened 1993; source says not a brewery (Delaware Today)",9999-12-31,,,true,opened,brewpub,,
bwr_00000174,loc_00000187,1995-01-01,1995,"researched 2026-09-28: established 1995 (WDEL / brewery site)",9999-12-31,,,true,opened,brewpub,,
bwr_00000175,loc_00000188,2018-03-12,2018-03-12,"researched 2026-09-28: Delaware Today; one source says 2017",9999-12-31,,,true,opened,brewpub,,
bwr_00000176,loc_00000189,2015-01-01,2015,"researched 2026-09-28: inferred: moved to Newport (ZIP 19804) in 2015; founded Greenville DE 2006-04-13 (Wikipedia)",9999-12-31,,,true,opened,micro,,
bwr_00000177,loc_00000190,2017-08-01,2017-08,"researched 2026-09-28: opened in garage Aug 2017; new Main St taproom opened 2024-07-16 (Delaware Business Times)",9999-12-31,,,true,opened,micro,,
bwr_00000178,loc_00000191,2013-04-01,2013-04,"researched 2026-09-28: founded 2012; one source says May 2013 (web search)",9999-12-31,,,true,opened,micro,,
bwr_00000179,loc_00000192,2015-10-08,2015-10-08,"researched 2026-09-28: established 2012 (web search)",9999-12-31,,,true,opened,brewpub,,
bwr_00000180,loc_00000193,2017-01-01,2017,"researched 2026-09-28: spring 2017 (Pick OCNY)",9999-12-31,,,true,opened,micro,,
bwr_00000181,loc_00000194,2017-09-01,2017-09,"researched 2026-09-28: web search",9999-12-31,,,true,opened,micro,,
bwr_00000182,loc_00000195,2016-01-01,2016,"researched 2026-09-28: summer 2016 (Hudson Valley Magazine)",9999-12-31,,,true,opened,micro,,
bwr_00000183,loc_00000196,2018-02-01,2018-02,"researched 2026-09-28: web search",9999-12-31,,,true,opened,micro,,
bwr_00000184,loc_00000197,2012-01-01,2012,"researched 2026-09-28: web search (I Love NY)",9999-12-31,,,true,opened,micro,,
bwr_00000185,loc_00000198,2015-10-24,2015-10-24,"researched 2026-09-28: web search",9999-12-31,,,true,opened,micro,,
bwr_00000186,loc_00000199,2012-08-01,2012-08,"researched 2026-09-28: began selling beer Aug 2012 (West Milford Messenger)",9999-12-31,,,true,opened,micro,,
bwr_00000187,loc_00000200,2013-01-01,2013,"researched 2026-09-28: soft opening fall 2013; grand opening 2014 (Hudson Valley Magazine)",9999-12-31,,,true,opened,micro,,
bwr_00000188,loc_00000201,2013-01-01,2013,"researched 2026-09-28: taproom opened summer 2013 (Boozy Burbs)",9999-12-31,,,true,opened,micro,,
bwr_00000189,loc_00000202,2006-01-01,2006,"researched 2026-09-28: founded 2006 (Daily Voice / Hoodline)",9999-12-31,,,true,opened,brewpub,,
bwr_00000190,loc_00000203,2026-09-01,,"PLACEHOLDER: default 2026-09-01; opening date not found: opened July 10, year not stated (Daily Voice)",9999-12-31,,,true,opened,brewpub,,
bwr_00000191,loc_00000204,2018-04-01,2018-04,"researched 2026-09-28: soft opening; founded 2016 (Boozy Burbs)",9999-12-31,,,true,opened,micro,,
bwr_00000192,loc_00000205,2026-09-01,,"PLACEHOLDER: default 2026-09-01; opening date not researched (session web-search limit reached)",9999-12-31,,,true,opened,micro,,
bwr_00000193,loc_00000206,2026-09-01,,"PLACEHOLDER: default 2026-09-01; opening date not researched (session web-search limit reached)",9999-12-31,,,true,opened,micro,,
bwr_00000194,loc_00000207,2026-09-01,,"PLACEHOLDER: default 2026-09-01; opening date not researched (session web-search limit reached)",9999-12-31,,,true,opened,micro,,
bwr_00000195,loc_00000208,2026-09-01,,"PLACEHOLDER: default 2026-09-01; opening date not researched (session web-search limit reached)",9999-12-31,,,true,opened,brewpub,,
bwr_00000196,loc_00000209,2026-09-01,,"PLACEHOLDER: default 2026-09-01; opening date not researched (session web-search limit reached)",9999-12-31,,,true,opened,micro,,
bwr_00000197,loc_00000210,2012-01-01,2012-01,"researched 2026-09-28: brewery site: Perkasie operating since Jan 2012",9999-12-31,,,true,opened,micro,,
bwr_00000198,loc_00000211,2026-09-01,,"PLACEHOLDER: default 2026-09-01; opening date not researched (session web-search limit reached)",9999-12-31,,,true,opened,micro,,
bwr_00000199,loc_00000212,2026-09-01,,"PLACEHOLDER: default 2026-09-01; opening date not researched (session web-search limit reached)",9999-12-31,,,true,opened,micro,,
bwr_00000200,loc_00000213,2010-01-01,2010,"researched 2026-09-28: Wikipedia list of PA breweries",9999-12-31,,,true,opened,regional,,
bwr_00000201,loc_00000214,2026-09-01,,"PLACEHOLDER: default 2026-09-01; opening date not researched (session web-search limit reached)",9999-12-31,,,true,opened,brewpub,,
bwr_00000202,loc_00000215,2026-09-01,,"PLACEHOLDER: default 2026-09-01; opening date not researched (session web-search limit reached)",9999-12-31,,,true,opened,brewpub,,
bwr_00000203,loc_00000216,2026-09-01,,"PLACEHOLDER: default 2026-09-01; opening date not researched (session web-search limit reached)",9999-12-31,,,true,opened,brewpub,,
bwr_00000204,loc_00000217,2026-09-01,,"PLACEHOLDER: default 2026-09-01; opening date not researched (session web-search limit reached)",9999-12-31,,,true,opened,micro,,
bwr_00000205,loc_00000218,1995-01-01,1995,"researched 2026-09-28: Wikipedia list of PA breweries",9999-12-31,,,true,opened,brewpub,,
bwr_00000206,loc_00000219,2026-09-01,,"PLACEHOLDER: default 2026-09-01; opening date not researched (session web-search limit reached)",9999-12-31,,,true,opened,brewpub,,
bwr_00000207,loc_00000220,2026-09-01,,"PLACEHOLDER: default 2026-09-01; opening date not researched (session web-search limit reached)",9999-12-31,,,true,opened,brewpub,,
bwr_00000208,loc_00000221,2026-09-01,,"PLACEHOLDER: default 2026-09-01; opening date not researched (session web-search limit reached)",9999-12-31,,,true,opened,micro,,
bwr_00000209,loc_00000222,2018-01-01,2018,"researched 2026-09-28: brewery site: est. 2018",9999-12-31,,,true,opened,micro,,
bwr_00000210,loc_00000223,2026-09-01,,"PLACEHOLDER: default 2026-09-01; opening date not researched (session web-search limit reached)",9999-12-31,,,true,opened,micro,,
bwr_00000211,loc_00000224,2026-09-01,,"PLACEHOLDER: default 2026-09-01; opening date not researched (session web-search limit reached)",9999-12-31,,,true,opened,micro,,
bwr_00000212,loc_00000225,2026-09-01,,"PLACEHOLDER: default 2026-09-01; opening date not researched (session web-search limit reached)",9999-12-31,,,true,opened,taproom,,
bwr_00000213,loc_00000226,2026-09-01,,"PLACEHOLDER: default 2026-09-01; opening date not researched (session web-search limit reached)",9999-12-31,,,true,opened,brewpub,,
bwr_00000214,loc_00000227,2026-09-01,,"PLACEHOLDER: default 2026-09-01; opening date not researched (session web-search limit reached)",9999-12-31,,,true,opened,brewpub,,
bwr_00000215,loc_00000228,2016-07-01,2016-07,"researched 2026-09-28: brewery site: opened July 2016",9999-12-31,,,true,opened,micro,,
bwr_00000216,loc_00000229,2026-09-01,,"PLACEHOLDER: default 2026-09-01; opening date not researched (session web-search limit reached)",9999-12-31,,,true,opened,micro,,
bwr_00000217,loc_00000230,2026-09-01,,"PLACEHOLDER: default 2026-09-01; opening date not researched (session web-search limit reached)",9999-12-31,,,true,opened,micro,,
bwr_00000218,loc_00000231,2026-09-01,,"PLACEHOLDER: default 2026-09-01; opening date not researched (session web-search limit reached)",9999-12-31,,,true,opened,micro,,
bwr_00000219,loc_00000232,2026-09-01,,"PLACEHOLDER: default 2026-09-01; opening date not researched (session web-search limit reached)",9999-12-31,,,true,opened,micro,,
bwr_00000220,loc_00000233,2026-09-01,,"PLACEHOLDER: default 2026-09-01; opening date not researched (session web-search limit reached)",9999-12-31,,,true,opened,brewpub,,
bwr_00000221,loc_00000234,1995-01-01,1995,"researched 2026-09-28: Wikipedia list of PA breweries",9999-12-31,,,true,opened,regional,,
bwr_00000222,loc_00000235,2026-09-01,,"PLACEHOLDER: default 2026-09-01; opening date not researched (session web-search limit reached)",9999-12-31,,,true,opened,brewpub,,
bwr_00000223,loc_00000236,2026-09-01,,"PLACEHOLDER: default 2026-09-01; opening date not researched (session web-search limit reached)",9999-12-31,,,true,opened,micro,,
bwr_00000224,loc_00000237,2018-12-01,,"ESTIMATE: set 1 month before effective_to; opening date not researched (session web-search limit reached)",2019-01-01,2019,"year only",false,closed,micro,"NJCB directory (newjerseycraftbeer.com/new-jersey-breweries/, page updated 2026-08-17)",
bwr_00000225,loc_00000238,2022-12-01,,"ESTIMATE: set 1 month before effective_to; opening date not researched (session web-search limit reached)",2023-01-01,2023,"year only",false,closed,micro,"NJCB directory (newjerseycraftbeer.com/new-jersey-breweries/, page updated 2026-08-17)",
bwr_00000226,loc_00000239,2023-12-01,,"ESTIMATE: set 1 month before effective_to; opening date not researched (session web-search limit reached)",2024-01-01,2024,"year only",false,closed,micro,"NJCB directory (newjerseycraftbeer.com/new-jersey-breweries/, page updated 2026-08-17)",
bwr_00000227,loc_00000240,2023-12-01,,"ESTIMATE: set 1 month before effective_to; opening date not researched (session web-search limit reached)",2024-01-01,2024,"year only",false,closed,micro,"NJCB directory (newjerseycraftbeer.com/new-jersey-breweries/, page updated 2026-08-17)",
bwr_00000228,loc_00000241,2018-12-01,,"ESTIMATE: set 1 month before effective_to; opening date not researched (session web-search limit reached)",2019-01-01,2019,"year only",false,closed,micro,"NJCB directory (newjerseycraftbeer.com/new-jersey-breweries/, page updated 2026-08-17)",
bwr_00000229,loc_00000242,2025-08-01,,"ESTIMATE: set 1 month before effective_to; opening date not researched (session web-search limit reached)",2025-09-01,2025-09,"month only; whole Iron Hill chain closed",false,closed,brewpub,"NJCB directory (newjerseycraftbeer.com/new-jersey-breweries/, page updated 2026-08-17)",
bwr_00000230,loc_00000243,2018-12-01,,"ESTIMATE: set 1 month before effective_to; opening date not researched (session web-search limit reached)",2019-01-01,2019,"year only",false,closed,micro,"NJCB directory (newjerseycraftbeer.com/new-jersey-breweries/, page updated 2026-08-17)",
bwr_00000231,loc_00000244,2020-12-01,,"ESTIMATE: set 1 month before effective_to; opening date not researched (session web-search limit reached)",2021-01-01,2021,"year only",false,closed,micro,"NJCB directory (newjerseycraftbeer.com/new-jersey-breweries/, page updated 2026-08-17)",
bwr_00000232,loc_00000245,2022-12-01,,"ESTIMATE: set 1 month before effective_to; opening date not researched (session web-search limit reached)",2023-01-01,2023,"end of 2023 per 42 Freeway/Raccoon Taproom coverage",false,closed,micro,"NJCB directory (newjerseycraftbeer.com/new-jersey-breweries/, page updated 2026-08-17)","superseded_by: Raccoon Taproom (Swedesboro Brewing), Collingswood, opened 2024-06-01 at this site"
bwr_00000233,loc_00000246,1996-01-01,1996,"researched 2026-09-28: Wikipedia list of NJ breweries",2024-01-01,2024,"year only; Chapter 11 filed 2023-12-29, brand sold to Guilford Hall Brewery (Baltimore, MD)",false,closed,regional,"NJCB directory (newjerseycraftbeer.com/new-jersey-breweries/, page updated 2026-08-17)",
bwr_00000234,loc_00000247,2023-12-01,,"ESTIMATE: set 1 month before effective_to; opening date not researched (session web-search limit reached)",2024-01-01,2024,"year only",false,closed,micro,"NJCB directory (newjerseycraftbeer.com/new-jersey-breweries/, page updated 2026-08-17)",
bwr_00000235,loc_00000248,2013-01-01,2013,"researched 2026-09-28: Wikipedia list of NJ breweries",2025-09-01,2025-09,"month only; whole Iron Hill chain closed",false,closed,brewpub,"NJCB directory (newjerseycraftbeer.com/new-jersey-breweries/, page updated 2026-08-17)",
bwr_00000236,loc_00000249,2022-12-01,,"ESTIMATE: set 1 month before effective_to; opening date not researched (session web-search limit reached)",2023-01-01,2023,"year only",false,closed,micro,"NJCB directory (newjerseycraftbeer.com/new-jersey-breweries/, page updated 2026-08-17)",
bwr_00000237,loc_00000250,2022-12-01,,"ESTIMATE: set 1 month before effective_to; opening date not researched (session web-search limit reached)",2023-01-01,2023,"year only",false,closed,micro,"NJCB directory (newjerseycraftbeer.com/new-jersey-breweries/, page updated 2026-08-17)",
bwr_00000238,loc_00000251,2024-12-26,,"ESTIMATE: set 1 month before effective_to; opening date not researched (session web-search limit reached)",2025-01-26,2025-01-26,"exact; Press of Atlantic City / The Beer Thrillers",false,closed,micro,"NJCB directory (newjerseycraftbeer.com/new-jersey-breweries/, page updated 2026-08-17)","superseded_by: Obscura Brewing Co, same site, rebranded by the owner's son"
bwr_00000239,loc_00000252,2018-12-01,,"ESTIMATE: set 1 month before effective_to; opening date not researched (session web-search limit reached)",2019-01-01,2019,"NJCB says 2018/2019",false,closed,micro,"NJCB directory (newjerseycraftbeer.com/new-jersey-breweries/, page updated 2026-08-17)",
bwr_00000240,loc_00000253,1951-01-01,1951,"researched 2026-09-28: Wikipedia list of NJ breweries",unknown,,"exact date not found; press summaries say closed late 2025, announced for early 2026; site sold to Goodman North America March 2026",false,closed,large,"NJCB directory (newjerseycraftbeer.com/new-jersey-breweries/, page updated 2026-08-17)",
bwr_00000241,loc_00000254,2026-05-28,,"ESTIMATE: set 1 month before effective_to; opening date not researched (session web-search limit reached)",2026-06-28,2026-06-28,"exact; 42 Freeway, published 2026-06-23",false,closed,micro,"NJCB directory (newjerseycraftbeer.com/new-jersey-breweries/, page updated 2026-08-17)","superseded_by: Freckled Jawn Brewing (opening expected October 2026, not yet open)"
bwr_00000242,loc_00000255,2020-12-01,,"ESTIMATE: set 1 month before effective_to; opening date not researched (session web-search limit reached)",2021-01-01,2021,"year only",false,closed,micro,"NJCB directory (newjerseycraftbeer.com/new-jersey-breweries/, page updated 2026-08-17)",
bwr_00000243,loc_00000256,2022-12-01,,"ESTIMATE: set 1 month before effective_to; opening date not researched (session web-search limit reached)",2023-01-01,2023,"year only",false,closed,micro,"NJCB directory (newjerseycraftbeer.com/new-jersey-breweries/, page updated 2026-08-17)",
bwr_00000244,loc_00000257,2018-12-01,,"ESTIMATE: set 1 month before effective_to; opening date not researched (session web-search limit reached)",2019-01-01,2019,"year only",false,closed,micro,"NJCB directory (newjerseycraftbeer.com/new-jersey-breweries/, page updated 2026-08-17)","superseded_by: The Hidden Brewery later opened in Middlesex NJ (different site history: former Ashton Brewing)"
bwr_00000245,loc_00000258,2025-12-01,,"ESTIMATE: set 1 month before effective_to; opening date not researched (session web-search limit reached)",2026-01-01,2026,"year only; NJCB: stopped producing house beers in 2026; Yelp marks JJ Bitting closed (April 2026)",false,closed,brewpub,"NJCB directory (newjerseycraftbeer.com/new-jersey-breweries/, page updated 2026-08-17)",
bwr_00000246,loc_00000259,1996-01-01,1996,"researched 2026-09-28: Wikipedia list of NJ breweries",2023-01-01,2023,"year only; NJCB: no longer brewing on site as of 2023",false,closed,brewpub,"NJCB directory (newjerseycraftbeer.com/new-jersey-breweries/, page updated 2026-08-17)",
bwr_00000247,loc_00000260,2025-09-25,,"ESTIMATE: set 1 month before effective_to; opening date not researched (session web-search limit reached)",2025-10-25,2025-10-25,"exact; Asbury Park Press/Network Today",false,closed,micro,"NJCB directory (newjerseycraftbeer.com/new-jersey-breweries/, page updated 2026-08-17)","superseded_by: Brand continues, brewed at Tall Oaks Farm + Brewery, Farmingdale; Erratic Fermentations took the Bradley Beach space"
bwr_00000248,loc_00000261,2019-12-01,,"ESTIMATE: set 1 month before effective_to; opening date not researched (session web-search limit reached)",2020-01-01,2020,"year only",false,closed,micro,"NJCB directory (newjerseycraftbeer.com/new-jersey-breweries/, page updated 2026-08-17)",
bwr_00000249,loc_00000262,2022-12-01,,"ESTIMATE: set 1 month before effective_to; opening date not researched (session web-search limit reached)",2023-01-01,2023,"year only",false,closed,micro,"NJCB directory (newjerseycraftbeer.com/new-jersey-breweries/, page updated 2026-08-17)","superseded_by: Twin Lights Brewing now occupies this Tinton Falls location"
bwr_00000250,loc_00000263,2020-12-01,,"ESTIMATE: set 1 month before effective_to; opening date not researched (session web-search limit reached)",2021-01-01,2021,"year only",false,closed,micro,"NJCB directory (newjerseycraftbeer.com/new-jersey-breweries/, page updated 2026-08-17)",
bwr_00000251,loc_00000264,2023-12-01,,"ESTIMATE: set 1 month before effective_to; opening date not researched (session web-search limit reached)",2024-01-01,2024,"year only",false,closed,micro,"NJCB directory (newjerseycraftbeer.com/new-jersey-breweries/, page updated 2026-08-17)",
bwr_00000252,loc_00000265,2025-04-03,,"ESTIMATE: set 1 month before effective_to; opening date not researched (session web-search limit reached)",2025-05-03,2025-05-03,"exact; WPUR/97.3 ESPN",false,closed,micro,"NJCB directory (newjerseycraftbeer.com/new-jersey-breweries/, page updated 2026-08-17)","superseded_by: Lokal Brewing Co (opened October 2025) at 2257 Bridge Ave"
bwr_00000253,loc_00000266,2020-12-01,,"ESTIMATE: set 1 month before effective_to; opening date not researched (session web-search limit reached)",2021-01-01,2021,"year; NJCB says 2022; moved to Kutztown, PA (Berks County; outside NJ scope and not a border-cohort county)",false,"moved_out_of_state",micro,"NJCB directory (newjerseycraftbeer.com/new-jersey-breweries/, page updated 2026-08-17)","superseded_by: The Referend Bier Blendery, Kutztown, PA"
