"brewer_sk","brewer_natural_key","brewer_name",website,"website_source","effective_from","effective_from_reference","effective_from_basis","effective_to","effective_to_reference","effective_to_basis","is_current","source_note"
bwr_00000001,cross_keys_brewing_co,"Cross Keys Brewing Co","http://www.ckbcbeer.com","newsletter-targets.csv",2018-03-09,2018-03-09,"earliest location start; researched 2026-09-28: SJ Beer Scene / 42 Freeway",9999-12-31,,,true,"relocation; supersedes Williamstown line. relocated from Williamstown; move date not found; NJCB lists Mount Laurel, Yelp shows 2000 Crawford Pl"
bwr_00000002,third_state_brewing,"Third State Brewing","http://www.thirdstatebrewing.com","expired-targets.csv",2015-01-01,2015,"earliest location start; researched 2026-09-28: sources conflict May vs June 2015 (42 Freeway / web search)",unknown,,"rename date not found; same Burlington site, acquired by the Swedesboro Brewing family",false,"superseded_by: Raccoon Pubhaus, Burlington"
bwr_00000003,third_state_brewing,"Raccoon Pubhaus (formerly Third State)","https://www.swedesborobrewing.com","newsletter-targets.csv",2025-01-01,2025,"earliest location start; researched 2026-09-28: rename after Swedesboro Brewing purchase in 2025 (42 Freeway)",9999-12-31,,,true,"rename of Third State Brewing at the same Burlington site, after acquisition by Swedesboro Brewing; rename date not found"
bwr_00000004,brotherton_brewing_company,"Brotherton Brewing Company","http://www.brothertonbrewing.com","newsletter-targets.csv",2015-01-01,2015,"earliest location start; researched 2026-09-28: began 2015 in Shamong barn (brewery site)",9999-12-31,,,true,"relocation; supersedes Shamong line. relocated from Shamong 2020-09; closed spring 2025; reopened 2026-06-27 under new owners (Brewbound/Patch/Brewer Magazine)"
bwr_00000005,ludlam_island_brewery,"Ludlam Island Brewery","http://ludlamisland.com","newsletter-targets.csv",2016-06-01,2016-06,"earliest location start; researched 2026-09-28: web search",9999-12-31,,,true,"relocation; supersedes Ocean View line. relocated from Ocean View, opened Woodbine 2024"
bwr_00000006,icarus_brewing_company,"Icarus Brewing Company","http://www.icarusbrewing.com","newsletter-targets.csv",2017-01-13,2017-01-13,"earliest location start; researched 2026-09-28: Hop Culture / brewery site",9999-12-31,,,true,"relocation; supersedes Lakewood line. relocated from Lakewood 2024-06; Brick grand opening 2024-07-20"
bwr_00000007,rinn_duin_brewing,"Rinn Duin Brewing","http://www.rinnduinbrewing.com","expired-targets.csv",2014-01-23,2014-01-23,"earliest location start; researched 2026-09-28: CraftBeer.com / Jersey Bites",2018-01-01,2018,"year only; acquired and renamed, transition completed April 2019",false,"superseded_by: Toms River Brewing, Toms River"
bwr_00000008,rinn_duin_brewing,"Toms River Brewing","https://tomsriverbrewing.com/","nj-breweries-as-of-2026-09-01.csv",2018-01-01,2018,"predecessor row closure date: year only; acquired and renamed, transition completed April 2019",9999-12-31,,,true,"rename of Rinn Duin Brewing at the same site (2018, transition completed April 2019); website not found"
bwr_00000009,angry_erik_brewing,"Angry Erik Brewing","http://www.angryerik.com","newsletter-targets.csv",2014-01-01,2014,"earliest location start; researched 2026-09-28: web search",9999-12-31,,,true,"relocation; supersedes Lafayette line. relocated from Lafayette spring 2019"
bwr_00000010,five_dimes_brewery,"Five Dimes Brewery","https://www.fivedimesbrewery.com","newsletter-targets.csv",2022-04-22,2022-04-22,"earliest location start; researched 2026-09-28: grand opening weekend (BergenMama)",9999-12-31,,,true,
bwr_00000011,kings_road_brewing_company,"King's Road Brewing Company","https://kingsroadbrewing.com","newsletter-targets.csv",2017-12-22,2017-12-22,"earliest location start; researched 2026-09-28: brewery history page",9999-12-31,,,true,
bwr_00000012,magnify_brewing_company,"Magnify Brewing Company","http://www.magnifybrewing.com","newsletter-targets.csv",2015-01-01,2015,"earliest location start; researched 2026-09-28: web search",9999-12-31,,,true,
bwr_00000013,tonewood_brewing,"Tonewood Brewing","http://www.tonewoodbrewing.com","newsletter-targets.csv",2016-01-01,2016,"earliest location start; researched 2026-09-28: web search",9999-12-31,,,true,"location websites differ: http://www.tonewoodbrewing.com; https://www.tonewoodbrewing.com"
bwr_00000014,invertase_brewing,"Invertase Brewing","https://invertasebrewing.com","newsletter-targets.csv",2019-10-01,2019-10,"earliest location start; researched 2026-09-28: web search",9999-12-31,,,true,
bwr_00000015,triumph_brewing_co,"Triumph Brewing Co","http://www.triumphbrew.com","newsletter-targets.csv",2003-04-24,2003-04-24,"earliest location start; researched 2026-09-28: web search (Wikipedia/Triumph)",9999-12-31,,,true,
bwr_00000016,iron_hill_brewery_restaurant,"Iron Hill Brewery & Restaurant","http://www.ironhillbrewery.com","newsletter-targets.csv",1996-11-14,1996-11-14,"earliest location start; researched 2026-09-28: Delaware Business Times / Wikipedia",9999-12-31,,,true,
bwr_00000017,garden_state_beer_company,"Garden State Beer Company","http://www.gardenstatebeerco.com","newsletter-targets.csv",2016-03-01,2016-03,"earliest location start; researched 2026-09-28: web search",9999-12-31,,,true,
bwr_00000018,hidden_sands_brewing_company,"Hidden Sands Brewing Company","http://hiddensands.com","newsletter-targets.csv",2018-01-12,2018-01-12,"earliest location start; researched 2026-09-28: Press of Atlantic City",9999-12-31,,,true,
bwr_00000019,snouts_and_stouts,"Snouts and Stouts","https://snoutsandstoutsbrewing.com","newsletter-targets.csv",2025-01-09,2025-01-09,"earliest location start; researched 2026-09-28: soft opening; grand opening 2025-01-11 (Press of AC / 97.3 ESPN)",9999-12-31,,,true,
bwr_00000020,somers_point_brewing_company,"Somers Point Brewing Company","https://somerspointbrewing.com","newsletter-targets.csv",2019-04-11,2019-04-11,"earliest location start; researched 2026-09-28: Press of Atlantic City",9999-12-31,,,true,
bwr_00000021,the_buena_connection_brewing_company,"The Buena Connection Brewing Company","https://buenaconnectionbrewing.com","newsletter-targets.csv",2025-04-26,2025-04-26,"earliest location start; researched 2026-09-28: 42 Freeway / 97.3 ESPN",9999-12-31,,,true,
bwr_00000022,the_seed_a_living_beer_project,"The Seed: a living beer project","https://theseedbeer.com","newsletter-targets.csv",2020-10-29,2020-10-29,"earliest location start; researched 2026-09-28: brewery opened; tasting room Feb 2021 (Press of AC)",9999-12-31,,,true,
bwr_00000023,three_3s_brewery,"Three 3's Brewery","http://www.three3sbrewing.com","newsletter-targets.csv",2016-01-01,2016,"earliest location start; researched 2026-09-28: web search",9999-12-31,,,true,
bwr_00000024,tun_tavern_brewery_and_restaurant,"Tun Tavern Brewery and Restaurant","http://www.tuntavern.com","newsletter-targets.csv",1998-01-01,1998,"earliest location start; researched 2026-09-28: Wikipedia list of NJ breweries",9999-12-31,,,true,
bwr_00000025,asturia_brewing,"Asturia Brewing","https://www.asturiabrewingco.com","newsletter-targets.csv",2026-05-09,2026-05-09,"earliest location start; researched 2026-09-28: invite-only grand opening (Eventbrite / Boozy Burbs)",9999-12-31,,,true,
bwr_00000026,bolero_snort_brewery,"Bolero Snort Brewery","http://www.bolerosnort.com","newsletter-targets.csv",2020-01-01,2020,"earliest location start; researched 2026-09-28: Carlstadt taproom (web search)",9999-12-31,,,true,
bwr_00000027,brix_city_brewing,"Brix City Brewing","http://www.brixcitybrewing.com","newsletter-targets.csv",2015-05-01,2015-05,"earliest location start; researched 2026-09-28: web search (Brix City site)",9999-12-31,,,true,
bwr_00000028,gearblock_brewing_company,"Gearblock Brewing Company","https://www.gearblockbrewing.com","newsletter-targets.csv",2022-04-29,2022-04-29,"earliest location start; researched 2026-09-28: grand opening (BergenMama)",9999-12-31,,,true,
bwr_00000029,hackensack_brewing,"Hackensack Brewing","https://www.hackensackbrewing.com","newsletter-targets.csv",2019-01-01,2019,"earliest location start; researched 2026-09-28: web search",9999-12-31,,,true,
bwr_00000030,abyssal_brewing,"Abyssal Brewing","https://abyssalbrewing.com/","nj-breweries-as-of-2026-09-01.csv",2026-09-01,,"earliest location start; PLACEHOLDER: default 2026-09-01; opening date not found: opening targeted Dec 2025-Jan 2026, actual date not confirmed (Community News)",9999-12-31,,,true,
bwr_00000031,bout_the_hops_brewing,"Bout The Hops Brewing","https://boutthehops.com","newsletter-targets.csv",2019-12-07,2019-12-07,"earliest location start; researched 2026-09-28: opened to public (42 Freeway)",9999-12-31,,,true,
bwr_00000032,brewery_thirty_three,"Brewery Thirty-Three","https://craftbrewery33.com","newsletter-targets.csv",2026-09-01,,"earliest location start; PLACEHOLDER: default 2026-09-01; opening date not found: targeted early fall 2023, actual date not confirmed (42 Freeway)",9999-12-31,,,true,
bwr_00000033,dr_brewlittles_beer,"Dr. Brewlittle's Beer","https://drbrewlittlesbeer.com","newsletter-targets.csv",2020-01-01,2020,"earliest location start; researched 2026-09-28: founded 2020 (brewery site)",9999-12-31,,,true,
bwr_00000034,farm_truck_brewing,"Farm Truck Brewing","https://farmtruckbrewing.com","newsletter-targets.csv",2022-06-01,2022-06,"earliest location start; researched 2026-09-28: web search",9999-12-31,,,true,
bwr_00000035,lower_forge_brewery,"Lower Forge Brewery","http://www.lowerforge.com","newsletter-targets.csv",2016-05-19,2016-05-19,"earliest location start; researched 2026-09-28: grand opening; licensed 2016-04-15 (web search)",9999-12-31,,,true,
bwr_00000036,marcellos_coal_fired_restaurant_and_pizza,"Marcello's Coal Fired Restaurant and Pizza","https://marcellosbordentown.com","newsletter-targets.csv",2026-09-01,,"earliest location start; PLACEHOLDER: default 2026-09-01; opening date not found: brewpub (Coaled Roots Brewing) start date not found",9999-12-31,,,true,
bwr_00000037,spellbound_brewing,"Spellbound Brewing","http://www.spellboundbrewing.com","newsletter-targets.csv",2014-10-01,2014-10,"earliest location start; researched 2026-09-28: web search",9999-12-31,,,true,
bwr_00000038,stratosphere_brewing_company,"Stratosphere Brewing Company","https://stratospherebrewingcompany.com","newsletter-targets.csv",2023-03-17,2023-03-17,"earliest location start; researched 2026-09-28: 42 Freeway",9999-12-31,,,true,
bwr_00000039,subculture_artisan_ales,"Subculture Artisan Ales","https://subcultureartisanales.com","newsletter-targets.csv",2023-04-01,2023-04,"earliest location start; researched 2026-09-28: derived from 1-year anniversary 2024-04-13 (NJCB)",9999-12-31,,,true,
bwr_00000040,tindall_road_brewery,"Tindall Road Brewery","https://www.tindallroadbrewery.com","newsletter-targets.csv",2019-07-19,2019-07-19,"earliest location start; researched 2026-09-28: Community News / WPST",9999-12-31,,,true,
bwr_00000041,village_idiot_brewing_company,"Village Idiot Brewing Company","http://www.villageidiotbrewing.com","newsletter-targets.csv",2013-12-21,2013-12-21,"earliest location start; researched 2026-09-28: PA Eats",9999-12-31,,,true,
bwr_00000042,zeds_beer_bado_brewing,"Zed's Beer/Bado Brewing","http://drinkzeds.com","newsletter-targets.csv",2017-09-09,2017-09-09,"earliest location start; researched 2026-09-28: PA Eats / Jersey Bites",9999-12-31,,,true,
bwr_00000043,berlin_brewing_company,"Berlin Brewing Company","http://www.berlinbrewco.com","newsletter-targets.csv",2014-01-01,2014,"earliest location start; researched 2026-09-28: sources split 2014 vs 2015 (web search)",9999-12-31,,,true,
bwr_00000044,double_nickel_brewing_company,"Double Nickel Brewing Company","http://www.DNBCBEER.com","newsletter-targets.csv",2015-10-01,2015-10,"earliest location start; researched 2026-09-28: web search",9999-12-31,,,true,
bwr_00000045,eclipse_brewing,"Eclipse Brewing","https://www.eclipsebrewingnj.com/","web search 2026-09-28 (brewery site result); nj-breweries-as-of-2026-09-01.csv lists only a Facebook page",2026-02-01,2026-02,"earliest location start; researched 2026-09-28: reopened Super Bowl weekend under new owner after 2025 sale (year inferred); originally opened 2016-10-09 (42 Freeway)",9999-12-31,,,true,
bwr_00000046,mechanical_brewery,"Mechanical Brewery","https://mechanicalbrewery.com","newsletter-targets.csv",2020-11-27,2020-11-27,"earliest location start; researched 2026-09-28: grand opening (web search)",9999-12-31,,,true,
bwr_00000047,tanner_brewing_company,"Tanner Brewing Company","https://tannerbrewingcompany.com","newsletter-targets.csv",2022-11-01,2022-11,"earliest location start; researched 2026-09-28: 42 Freeway / NJ PEN",9999-12-31,,,true,
bwr_00000048,the_raccoon_taproom_swedesboro_brewing,"The Raccoon Taproom (Swedesboro Brewing)","https://www.swedesborobrewing.com","newsletter-targets.csv",2024-06-01,2024-06-01,"earliest location start; researched 2026-09-28: 42 Freeway / lifestyles.media",9999-12-31,,,true,
bwr_00000049,whims_brewing,"Whims Brewing","https://www.whimsbrewing.com","newsletter-targets.csv",2022-01-01,2022,"earliest location start; researched 2026-09-28: grand opening mid-2022 (42 Freeway)",9999-12-31,,,true,
bwr_00000050,anglesea_aleworks,"Anglesea Aleworks","https://www.angleseaaleworks.com","newsletter-targets.csv",2025-06-01,2025-06,"earliest location start; researched 2026-09-28: open by 2025-06-15 after soft opening (Wildwood Video Archive)",9999-12-31,,,true,
bwr_00000051,avalon_brew_pub,"Avalon Brew Pub","https://www.avalonbrewpub.com","newsletter-targets.csv",2017-08-01,2017-08,"earliest location start; researched 2026-09-28: web search",9999-12-31,,,true,
bwr_00000052,behr_brewing,"Behr Brewing","https://www.behrbrewing.com","newsletter-targets.csv",2022-02-01,2022-02,"earliest location start; researched 2026-09-28: web search",9999-12-31,,,true,
bwr_00000053,cape_may_brewing_company_rio_grande,"Cape May Brewing Company - Rio Grande","http://www.capemaybrewery.com","newsletter-targets.csv",2011-07-01,2011-07,"earliest location start; researched 2026-09-28: web search",9999-12-31,,,true,
bwr_00000054,cold_spring_brewery,"Cold Spring Brewery","http://www.hcsv.org","newsletter-targets.csv",2016-01-01,2016,"earliest location start; researched 2026-09-28: operational 2016 (brewery site / Cape May Magazine)",9999-12-31,,,true,
bwr_00000055,gusto_brewing_co,"Gusto Brewing Co","https://gustobrewco.com/","nj-breweries-as-of-2026-09-01.csv",2018-01-01,2018,"earliest location start; researched 2026-09-28: founded late 2018 (NJCB / SJ Beer Scene)",9999-12-31,,,true,
bwr_00000056,meyers_lighthouse_brewing,"Meyers Lighthouse Brewing","https://meyersbrewing.com/","nj-breweries-as-of-2026-09-01.csv (parent Meyers Brewing Co site)",2024-06-01,2024-06,"earliest location start; researched 2026-09-28: projected opening 2024-06-13, later reported open (Press of AC / Wooder Ice)",9999-12-31,,,true,
bwr_00000057,mudhen_brewing_company,"Mudhen Brewing Company","https://mudhenbrew.com/","nj-breweries-as-of-2026-09-01.csv",2018-01-01,2018,"earliest location start; researched 2026-09-28: web search",9999-12-31,,,true,
bwr_00000058,obscura_brewing_co,"Obscura Brewing Co.","https://obscurabrewingco.com/","nj-breweries-as-of-2026-09-01.csv",2025-03-06,2025-03-06,"earliest location start; researched 2026-09-28: Press of Atlantic City / 97.3 ESPN",9999-12-31,,,true,
bwr_00000059,slack_tide_brewing_company,"Slack Tide Brewing Company","http://www.slacktidebrewingco.com","newsletter-targets.csv",2015-12-01,2015-12,"earliest location start; researched 2026-09-28: web search",9999-12-31,,,true,
bwr_00000060,whale_tale_brewing_company,"Whale Tale Brewing Company","https://www.whaletalebrewing.com","newsletter-targets.csv",2024-01-01,2024,"earliest location start; researched 2026-09-28: renamed from COHO Brewing Co (site opened 2018) under new owners 2024 (Wildwood Video Archive)",9999-12-31,,,true,
bwr_00000061,glasstown_brewing,"Glasstown Brewing","http://www.glasstownbrewery.com","newsletter-targets.csv",2013-12-20,2013-12-20,"earliest location start; researched 2026-09-28: web search (brewery site)",9999-12-31,,,true,
bwr_00000062,wander_back_beerworks,"Wander Back Beerworks","https://wanderbackbeer.com/","nj-breweries-as-of-2026-09-01.csv",2026-09-01,,"earliest location start; PLACEHOLDER: default 2026-09-01; opening date not found: tasting room planned for 2026, opening not confirmed; beer distributed from May 2024",9999-12-31,,,true,
bwr_00000063,cricket_hill_brewing_co_inc,"Cricket Hill Brewing Co. Inc.","http://www.crickethillbrewery.com","newsletter-targets.csv",2002-01-01,2002,"earliest location start; researched 2026-09-28: opened to public 2002; founded 2000, site says est. 2001 (Wikipedia)",9999-12-31,,,true,
bwr_00000064,gaslight_brewery_and_restaurant,"Gaslight Brewery and Restaurant","http://www.gaslightbrewery.com","newsletter-targets.csv",1998-06-01,1998-06,"earliest location start; researched 2026-09-28: NJ Monthly / web search",9999-12-31,,,true,
bwr_00000065,montclair_brewery,"Montclair Brewery","http://www.montclairbrewery.com","newsletter-targets.csv",2018-10-01,2018-10,"earliest location start; researched 2026-09-28: Montclair Girl",9999-12-31,,,true,
bwr_00000066,newark_local_beer,"Newark Local Beer","https://newarklocalbeer.com/","nj-breweries-as-of-2026-09-01.csv",2021-01-01,2021,"earliest location start; researched 2026-09-28: late 2021 (The Newarker)",9999-12-31,,,true,
bwr_00000067,pallet_brewing_company,"Pallet Brewing Company","https://palletbrewing.com","newsletter-targets.csv",2025-07-02,2025-07-02,"earliest location start; researched 2026-09-28: soft opening (The Village Green)",9999-12-31,,,true,
bwr_00000068,soma_brewing,"SOMA Brewing","https://somabrewing.com","newsletter-targets.csv",2018-01-01,2018,"earliest location start; researched 2026-09-28: established 2018 (web search)",9999-12-31,,,true,
bwr_00000069,varitage_brew_works,"Varitage Brew Works","https://www.varitagebeer.com","newsletter-targets.csv",2023-10-28,2023-10-28,"earliest location start; researched 2026-09-28: Montclair Girl",9999-12-31,,,true,
bwr_00000070,13th_child_brewing,"13th Child Brewing","https://www.13thchildbrewery.com","newsletter-targets.csv",2018-04-13,2018-04-13,"earliest location start; researched 2026-09-28: grand opening Friday the 13th (42 Freeway)",9999-12-31,,,true,
bwr_00000071,axe_and_arrow_brewing,"Axe and Arrow Brewing","https://axeandarrowbrewing.com","newsletter-targets.csv",2019-04-06,2019-04-06,"earliest location start; researched 2026-09-28: 42 Freeway",9999-12-31,,,true,
bwr_00000072,bonesaw_brewing_co,"Bonesaw Brewing Co.","http://www.bonesawbrewing.com","newsletter-targets.csv",2018-10-01,2018-10,"earliest location start; researched 2026-09-28: web search",9999-12-31,,,true,
bwr_00000073,bonesaw_pilot_house,"Bonesaw Pilot House","https://www.bonesawbrewing.com","newsletter-targets.csv",2022-09-01,2022-09,"earliest location start; researched 2026-09-28: opened September, year inferred from 2022 announcements (42 Freeway / Sun Newspapers)",9999-12-31,,,true,
bwr_00000074,core3brewery,Core3Brewery,"https://core3brewery.com/","nj-breweries-as-of-2026-09-01.csv",2019-08-02,2019-08-02,"earliest location start; researched 2026-09-28: SJ Beer Scene",9999-12-31,,,true,
bwr_00000075,death_of_the_fox,"Death Of The Fox","http://www.deathofthefoxbrewing.com","newsletter-targets.csv",2017-08-01,2017-08,"earliest location start; researched 2026-09-28: web search (brewery history page)",9999-12-31,,,true,
bwr_00000076,neck_of_the_woods_brewing,"Neck Of The Woods Brewing","https://neckofthewoodsbrewing.square.site","newsletter-targets.csv",2019-05-01,2019-05,"earliest location start; researched 2026-09-28: NJ Monthly 2019-05-23 (search summary wrongly said 2026-07; verified at source)",9999-12-31,,,true,
bwr_00000077,sons_of_barley_beer_co,"Sons of Barley Beer Co","https://www.facebook.com/sonsofbarleybeer/","nj-breweries-as-of-2026-09-01.csv (social media page; no official site listed)",2025-11-10,2025-11-10,"earliest location start; researched 2026-09-28: soft opening (WMMR / 42 Freeway)",9999-12-31,,,true,
bwr_00000078,swedesboro_brewing_company,"Swedesboro Brewing Company","https://www.swedesborobrewing.com","newsletter-targets.csv",2021-05-15,2021-05-15,"earliest location start; researched 2026-09-28: 42 Freeway",9999-12-31,,,true,
bwr_00000079,westville_brewery,"Westville Brewery","https://www.westvillebrewery.com","newsletter-targets.csv",2018-06-01,2018-06,"earliest location start; researched 2026-09-28: grand opening 2018-06-23 (SJ Beer Scene)",9999-12-31,,,true,
bwr_00000080,902_brewing,"902 Brewing","https://www.902brewing.com","newsletter-targets.csv",2020-05-12,2020-05-12,"earliest location start; researched 2026-09-28: doors opened; facility completed March 2020 (Jersey Digs / JCity Times)",9999-12-31,,,true,
bwr_00000081,departed_soles_brewing,"Departed Soles Brewing","http://www.departedsoles.com","newsletter-targets.csv",2015-01-01,2015,"earliest location start; researched 2026-09-28: summer 2015 (web search)",9999-12-31,,,true,
bwr_00000082,hoboken_brewing_company,"Hoboken Brewing Company","https://hobokenbrewing.beer","newsletter-targets.csv",2026-09-01,,"earliest location start; PLACEHOLDER: default 2026-09-01; opening date not found: beer reached shelves 2017-09 (News12); no taproom opening confirmed",9999-12-31,,,true,
bwr_00000083,new_jersey_beer_co,"New Jersey Beer Co","http://www.njbeerco.com","newsletter-targets.csv",2010-05-01,2010-05,"earliest location start; researched 2026-09-28: production began; founded 2009 (web search)",9999-12-31,,,true,
bwr_00000084,conclave_brewing,"Conclave Brewing","http://www.conclavebrewing.com","newsletter-targets.csv",2015-01-01,2015,"earliest location start; researched 2026-09-28: founded 2015 (brewery site / NJ Monthly)",9999-12-31,,,true,
bwr_00000085,descendants_brewing_company,"Descendants Brewing Company","https://www.descendantsbrewing.com/","nj-breweries-as-of-2026-09-01.csv",2021-05-01,2021-05-01,"earliest location start; researched 2026-09-28: Descendants opened at the former Ship Inn (NJ Monthly / Jersey Digs)",9999-12-31,,,true,
bwr_00000086,esker_hart_artisan_ales,"Esker Hart Artisan Ales","https://www.eskerhart.com","newsletter-targets.csv",2026-09-01,,"earliest location start; PLACEHOLDER: default 2026-09-01; opening date not found: opening date not found",9999-12-31,,,true,
bwr_00000087,lone_eagle_brewing,"Lone Eagle Brewing","http://loneeaglebrewing.com","newsletter-targets.csv",2016-07-21,2016-07-21,"earliest location start; researched 2026-09-28: web search",9999-12-31,,,true,
bwr_00000088,odd_bird_brewing,"Odd Bird Brewing","https://www.oddbirdbrewing.com","newsletter-targets.csv",2020-01-01,2020-01,"earliest location start; researched 2026-09-28: late January 2020 (Community News)",9999-12-31,,,true,
bwr_00000089,opportunity_brewing_company,"Opportunity Brewing Company","https://opportunitybrewing.com","newsletter-targets.csv",2018-01-01,2018,"earliest location start; researched 2026-09-28: established 2018 (brewery site)",9999-12-31,,,true,
bwr_00000090,readington_brewery_and_hop_farm,"Readington Brewery and Hop Farm","https://readingtonbrewery.com","newsletter-targets.csv",2021-01-01,2021,"earliest location start; researched 2026-09-28: inferred: 'open almost three years' in Sept 2024 article, 'brand new' Feb 2022 (Hoboken Girl / Jersey Bites)",9999-12-31,,,true,
bwr_00000091,sunken_silo_brew_works,"Sunken Silo Brew Works","https://www.sunkensilo.com","newsletter-targets.csv",2019-11-16,2019-11-16,"earliest location start; researched 2026-09-28: web search",9999-12-31,,,true,
bwr_00000092,wild_fern_brewing,"Wild Fern Brewing","https://www.wildfernbrewing.com","newsletter-targets.csv",2024-10-01,2024-10,"earliest location start; researched 2026-09-28: web search",9999-12-31,,,true,
bwr_00000093,bent_iron_brewing_company,"Bent Iron Brewing Company","https://www.bentironbrewing.com","newsletter-targets.csv",2024-08-02,2024-08-02,"earliest location start; researched 2026-09-28: Hamilton Twp / WPST",9999-12-31,,,true,
bwr_00000094,needle_creek_farm_brewery_company,"Needle Creek Farm Brewery Company","https://www.needlecreek.com","newsletter-targets.csv",2025-02-14,2025-02-14,"earliest location start; researched 2026-09-28: grand opening (Island in the Net)",9999-12-31,,,true,
bwr_00000095,old_hights_brewing_company,"Old Hights Brewing Company","https://www.oldhightsbrewingcompany.com","newsletter-targets.csv",2020-06-01,2020-06,"earliest location start; researched 2026-09-28: beer garden and cans-to-go opening (Community News)",9999-12-31,,,true,
bwr_00000096,river_horse_brewing_company,"River Horse Brewing Company","http://www.riverhorse.com","newsletter-targets.csv",2013-01-01,2013,"earliest location start; researched 2026-09-28: moved to Ewing 2013; founded Lambertville 1996 (Wikipedia)",9999-12-31,,,true,
bwr_00000097,the_druery,"The Druery","https://www.thedruery.com","newsletter-targets.csv",2023-12-01,2023-12,"earliest location start; researched 2026-09-28: web search",9999-12-31,,,true,
bwr_00000098,troon_brewing,"Troon Brewing","http://www.troonbrewing.com","newsletter-targets.csv",2016-12-01,2016-12,"earliest location start; researched 2026-09-28: no taproom; beers poured at Brick Farm Tavern (web search)",9999-12-31,,,true,
bwr_00000099,cypress_brewing_company,"Cypress Brewing Company","http://www.cypressbrewing.com","newsletter-targets.csv",2015-01-01,2015,"earliest location start; researched 2026-09-28: one source says est. 2013 (web search)",9999-12-31,,,true,
bwr_00000100,harvest_moon_brewery_cafe,"Harvest Moon Brewery/Cafe","http://www.harvestmoonbrewery.com","newsletter-targets.csv",1996-01-01,1996,"earliest location start; researched 2026-09-28: brewery site / Wikipedia",9999-12-31,,,true,
bwr_00000101,the_hidden_brewery,"The Hidden Brewery","https://hiddenbrewerynj.com","newsletter-targets.csv",2026-08-01,2026-08,"earliest location start; researched 2026-09-28: started pouring Aug 2026; grand opening scheduled 2026-10-10 (NJCB / Magic 98.3)",9999-12-31,,,true,
bwr_00000102,alternate_ending_beer_co,"Alternate Ending Beer Co","https://www.alternateendingbeerco.com","newsletter-targets.csv",2020-01-01,2020,"earliest location start; researched 2026-09-28: operating by 2020-10-31 (Patch / Hungry Onion)",9999-12-31,,,true,
bwr_00000103,asbury_park_brewery,"Asbury Park Brewery","http://www.asburyparkbrewery.com","newsletter-targets.csv",2024-05-01,2024-05,"earliest location start; researched 2026-09-28: reopened at new Cookman Ave location May 2024 after years-long closure; first opened Sewall Ave Aug 2016 (Patch / The Coaster)",9999-12-31,,,true,
bwr_00000104,bakes_brewing_company,"Bakes Brewing Company","https://www.bakesbrewing.com","newsletter-targets.csv",2023-12-30,2023-12-30,"earliest location start; researched 2026-09-28: grand opening (Jersey Shore Girl)",9999-12-31,,,true,
bwr_00000105,beach_haus_brewery,"Beach Haus Brewery","http://Www.beachhausbeer.com","newsletter-targets.csv",2015-03-01,2015-03-01,"earliest location start; researched 2026-09-28: web search",9999-12-31,,,true,
bwr_00000106,belford_brewing_company,"Belford Brewing Company","http://www.belfordbrewing.com","newsletter-targets.csv",2014-08-01,2014-08-01,"earliest location start; researched 2026-09-28: Two River Times",9999-12-31,,,true,
bwr_00000107,birdsmouth_beer,"Birdsmouth Beer","https://www.birdsmouthbeer.com","newsletter-targets.csv",2022-10-15,2022-10-15,"earliest location start; researched 2026-09-28: Brewbound / Patch",9999-12-31,,,true,
bwr_00000108,carton_brewing_co,"Carton Brewing Co","http://www.cartonbrewing.com","newsletter-targets.csv",2011-08-01,2011-08,"earliest location start; researched 2026-09-28: web search (Wikipedia)",9999-12-31,,,true,
bwr_00000109,erratic_fermentations,"Erratic Fermentations","https://erraticfermentations.myshopify.com","newsletter-targets.csv",2026-04-04,2026-04-04,"earliest location start; researched 2026-09-28: took over Bradley Brew Project space (web search)",9999-12-31,,,true,
bwr_00000110,kane_brewing,"Kane Brewing","http://www.kanebrewing.com","newsletter-targets.csv",2011-08-01,2011-08,"earliest location start; researched 2026-09-28: founded Aug 2011 (Wikipedia)",9999-12-31,,,true,
bwr_00000111,little_dog_brewing_co,"Little Dog Brewing Co.","http://Www.littledogbrewing.com","newsletter-targets.csv",2014-11-01,2014-11,"earliest location start; researched 2026-09-28: web search",9999-12-31,,,true,
bwr_00000112,screamin_hill_brewery,"Screamin Hill Brewery","http://www.screaminhill.com","newsletter-targets.csv",2015-01-01,2015,"earliest location start; researched 2026-09-28: one source says est. 2014 (web search)",9999-12-31,,,true,
bwr_00000113,seven_sons_brewery,"Seven Sons Brewery","https://www.sevensonsbrewing.com","newsletter-targets.csv",2021-05-06,2021-05-06,"earliest location start; researched 2026-09-28: soft opening (The Journal)",9999-12-31,,,true,
bwr_00000114,skinny_flowers_brewing,"Skinny Flowers Brewing","https://www.skinnyflowersbrewing.com","newsletter-targets.csv",2025-08-01,2025-08-01,"earliest location start; researched 2026-09-28: Jersey Shore Girl",9999-12-31,,,true,
bwr_00000115,source_brewing_company,"Source Brewing Company","http://www.sourcebrewing.com","newsletter-targets.csv",2019-08-02,2019-08-02,"earliest location start; researched 2026-09-28: ribbon cutting (Two River Times)",9999-12-31,,,true,
bwr_00000116,tall_oaks_farm_brewery,"Tall Oaks Farm + Brewery","https://talloaksbrew.com","newsletter-targets.csv",2024-01-01,2024-01,"earliest location start; researched 2026-09-28: one source says December grand opening (web search)",9999-12-31,,,true,
bwr_00000117,triumph_brewing_company,"Triumph Brewing Company","https://www.triumphbrewing.com","newsletter-targets.csv",2018-11-05,2018-11-05,"earliest location start; researched 2026-09-28: Wikipedia / Ale Street News",9999-12-31,,,true,
bwr_00000118,twin_lights_brewing,"Twin Lights Brewing","https://www.twinlightsbrewing.com","newsletter-targets.csv",2022-09-02,2022-09-02,"earliest location start; researched 2026-09-28: tasting room opening in former Jughandle space (Patch 2022-09-01)",9999-12-31,,,true,
bwr_00000119,wild_air_beerworks,"Wild Air Beerworks","https://www.wildairbeer.com","newsletter-targets.csv",2022-09-03,2022-09-03,"earliest location start; researched 2026-09-28: grand opening (NJCB)",9999-12-31,,,true,
bwr_00000120,autodidact_beer,"Autodidact Beer","https://www.autodidactbeer.com","newsletter-targets.csv",2023-03-24,2023-03-24,"earliest location start; researched 2026-09-28: web search",9999-12-31,,,true,
bwr_00000121,chilton_mill_brewing,"Chilton Mill Brewing","https://www.chiltonmillbrewing.com","newsletter-targets.csv",2019-01-01,2019,"earliest location start; researched 2026-09-28: late spring 2019 (Patch)",9999-12-31,,,true,
bwr_00000122,diamond_spring_brewing_company,"Diamond Spring Brewing Company","https://diamondspringbrewing.com","newsletter-targets.csv",2023-06-24,2023-06-24,"earliest location start; researched 2026-09-28: web search",9999-12-31,,,true,
bwr_00000123,double_tap_brewing,"Double Tap Brewing","https://doubletapbeer.com","newsletter-targets.csv",2022-09-03,2022-09-03,"earliest location start; researched 2026-09-28: grand opening (TAPinto)",9999-12-31,,,true,
bwr_00000124,fort_nonsense,"Fort Nonsense","https://www.fortnonsensebrewing.com","newsletter-targets.csv",2021-10-30,2021-10-30,"earliest location start; researched 2026-09-28: grand reopening after move from Denville (opened there Jan 2018) (brewery news page)",9999-12-31,,,true,
bwr_00000125,glenbrook_brewery,"Glenbrook Brewery","https://glenbrookbrewery.com","newsletter-targets.csv",2021-02-01,2021-02,"earliest location start; researched 2026-09-28: web search (Jersey Bites)",9999-12-31,,,true,
bwr_00000126,high_point_brewing_co_inc,"High Point Brewing Co, Inc.","http://www.ramsteinbeer.com","newsletter-targets.csv",1996-01-01,1996,"earliest location start; researched 2026-09-28: founded 1996 (web search)",9999-12-31,,,true,
bwr_00000127,long_valley_pub_and_brewery,"Long Valley Pub and Brewery","https://longvalleybrewpub.com/","nj-breweries-as-of-2026-09-01.csv",1995-01-01,1995,"earliest location start; researched 2026-09-28: brewpub conversion began Jan 1995 (web search / Wikipedia)",9999-12-31,,,true,
bwr_00000128,oakflower_brewing_company,"Oakflower Brewing Company","https://oakflowerbrewing.com/","nj-breweries-as-of-2026-09-01.csv",2022-11-01,2022-11,"earliest location start; researched 2026-09-28: late Nov 2022 (web search)",9999-12-31,,,true,
bwr_00000129,the_rosecourt_brewery,"The Rosecourt Brewery","https://www.facebook.com/people/The-Rosecourt-Brewery/61559329028060/","nj-breweries-as-of-2026-09-01.csv (social media page; no official site listed)",2026-07-18,2026-07-18,"earliest location start; researched 2026-09-28: grand opening Saturday July 18 (TAPinto); summer 2026 confirmed (Shop Morris County 2026-09-24)",9999-12-31,,,true,
bwr_00000130,twin_elephant_brewing_company,"Twin Elephant Brewing Company","http://www.twinelephant.com","newsletter-targets.csv",2016-05-01,2016-05,"earliest location start; researched 2026-09-28: web search",9999-12-31,,,true,
bwr_00000131,artisans_brewery_italian_grill,"Artisan's Brewery & Italian Grill","http://www.artisanstomsriver.com","newsletter-targets.csv",1997-01-01,1997,"earliest location start; researched 2026-09-28: opened 1997 as Basil T's Brew Pub; new owners 2001; renamed Artisan's 2010 (Wikipedia)",9999-12-31,,,true,
bwr_00000132,battle_river_brewing,"Battle River Brewing","https://www.battleriverbrewing.com","newsletter-targets.csv",2020-01-01,2020,"earliest location start; researched 2026-09-28: summer 2020 (web search)",9999-12-31,,,true,
bwr_00000133,bent_elbow_brewery,"Bent Elbow Brewery","https://bentelbowbrewery.com","newsletter-targets.csv",2026-03-01,2026-03,"earliest location start; researched 2026-09-28: open two weekends as of 2026-03-15 (web search)",9999-12-31,,,true,
bwr_00000134,booterbeer_brewing_company,"Booterbeer Brewing Company","https://www.instagram.com/booterbeerbrewingco/","nj-breweries-as-of-2026-09-01.csv (social media page; no official site listed)",2026-09-01,,"earliest location start; PLACEHOLDER: default 2026-09-01; opening date not found: farm brewery; opening date not found",9999-12-31,,,true,
bwr_00000135,heavy_reel_brewing,"Heavy Reel Brewing","http://www.heavyreelbrewingco.com","newsletter-targets.csv",2018-04-01,2018-04,"earliest location start; researched 2026-09-28: web search",9999-12-31,,,true,
bwr_00000136,last_wave_brewing_co,"Last Wave Brewing Co","http://www.lastwavebrewing.com","newsletter-targets.csv",2017-05-01,2017-05,"earliest location start; researched 2026-09-28: Memorial Day weekend 2017 (Jersey Bites)",9999-12-31,,,true,
bwr_00000137,leaning_fathers_brewing,"Leaning Fathers Brewing","https://leaningfathersbrewing.com","newsletter-targets.csv",2026-09-01,,"earliest location start; PLACEHOLDER: default 2026-09-01; opening date not found: opening date not found",9999-12-31,,,true,
bwr_00000138,lokal_brewing,"Lokal Brewing","https://lokalbrewco.com","newsletter-targets.csv",2025-09-01,2025-09,"earliest location start; researched 2026-09-28: soft-opening pop-ups Sept 2025; official opening Oct 2025 (Jersey Shore Girl)",9999-12-31,,,true,
bwr_00000139,manafirkin,ManaFirkin,"https://manafirkin.com/","nj-breweries-as-of-2026-09-01.csv",2017-05-21,2017-05-21,"earliest location start; researched 2026-09-28: web search",9999-12-31,,,true,
bwr_00000140,oyster_creek_brewing_company,"Oyster Creek Brewing Company","https://www.oystercreekbrewing.com","newsletter-targets.csv",2018-01-01,2018,"earliest location start; researched 2026-09-28: web search",9999-12-31,,,true,
bwr_00000141,pinelands_brewing,"Pinelands Brewing","http://www.pinelandsbrewing.com","newsletter-targets.csv",2014-03-01,2014-03-01,"earliest location start; researched 2026-09-28: web search",9999-12-31,,,true,
bwr_00000142,ship_bottom_brewery,"Ship Bottom Brewery","http://www.shipbottombrewery.com","newsletter-targets.csv",2016-08-01,2016-08,"earliest location start; researched 2026-09-28: web search",9999-12-31,,,true,
bwr_00000143,ghost_hawk_brewing_co,"Ghost Hawk Brewing Co","https://www.ghosthawkbrewing.com","newsletter-targets.csv",2019-04-20,2019-04-20,"earliest location start; researched 2026-09-28: web search (Wikipedia)",9999-12-31,,,true,
bwr_00000144,seven_tribesmen_brewery,"Seven Tribesmen Brewery","https://www.seventribesmen.com","newsletter-targets.csv",2020-05-01,2020-05,"earliest location start; researched 2026-09-28: opened for takeout during COVID (Patch)",9999-12-31,,,true,
bwr_00000145,bullhide_brewery,"Bullhide Brewery","https://bullhidebrewery.com","newsletter-targets.csv",2025-12-20,2025-12-20,"earliest location start; researched 2026-09-28: opening weekend 2025-12-20/21 (42 Freeway / WMMR)",9999-12-31,,,true,
bwr_00000146,farmers_and_bankers_brewing,"Farmers and Bankers Brewing","https://farmersandbankersbrewing.com","newsletter-targets.csv",2022-06-23,2022-06-23,"earliest location start; researched 2026-09-28: 42 Freeway",9999-12-31,,,true,
bwr_00000147,lost_elephant_brewing_company,"Lost Elephant Brewing Company","https://www.facebook.com/lostelephantbrewing/","nj-breweries-as-of-2026-09-01.csv (social media page; no official site listed)",2023-01-01,2023,"earliest location start; researched 2026-09-28: 42 Freeway",9999-12-31,,,true,
bwr_00000148,brooks_brewery_at_northside_lounge,"Brooks Brewery at Northside Lounge","https://northsidelounge.com","newsletter-targets.csv",2018-01-01,2018,"earliest location start; researched 2026-09-28: one source says est. 2016 (web search)",9999-12-31,,,true,
bwr_00000149,flounder_brewing_co,"Flounder Brewing Co","http://www.flounderbrewing.com","newsletter-targets.csv",2013-10-01,2013-10,"earliest location start; researched 2026-09-28: opened to public (Wikipedia)",9999-12-31,,,true,
bwr_00000150,village_brewing_company,"Village Brewing Company","https://www.villagebrewing.com","newsletter-targets.csv",2018-04-01,2018-04,"earliest location start; researched 2026-09-28: NJ Monthly / E-Malt",9999-12-31,,,true,
bwr_00000151,kroghs_restaurant_and_brewpub,"Krogh's Restaurant and Brewpub","http://www.kroghs.com","newsletter-targets.csv",1999-01-01,1999,"earliest location start; researched 2026-09-28: first house beer served 1999; restaurant since 1927 (web search)",9999-12-31,,,true,
bwr_00000152,twin_soles_brewing,"Twin Soles Brewing","https://www.drinktwinsoles.com","newsletter-targets.csv",2026-09-01,,"earliest location start; PLACEHOLDER: default 2026-09-01; opening date not found: opening date not found; open by July 2026 per reviews",9999-12-31,,,true,
bwr_00000153,vernon_brewing_formerly_alias_brew_works,"Vernon Brewing (formerly Alias Brew Works)","https://www.aliasbrewworks.com","newsletter-targets.csv",2024-05-01,2024-05,"earliest location start; researched 2026-09-28: Alias Brew Works started May 2024; rename to Vernon Brewing date not found (web search)",9999-12-31,,,true,
bwr_00000154,bull_n_bear_brewery,"Bull N Bear Brewery","https://bullnbearbrewery.com","newsletter-targets.csv",2020-12-01,2020-12,"earliest location start; researched 2026-09-28: opened at limited capacity Dec 2020 (Patch)",9999-12-31,,,true,
bwr_00000155,climax_brewing_co,"Climax Brewing Co","http://www.climaxbrewing.com","newsletter-targets.csv",1996-02-01,1996-02,"earliest location start; researched 2026-09-28: facility opened Feb 1996; founded 1994 (Wikipedia)",9999-12-31,,,true,
bwr_00000156,lions_roar_brewing,"Lions Roar Brewing","https://www.lionsroarbrewing.com","newsletter-targets.csv",2021-02-05,2021-02-05,"earliest location start; researched 2026-09-28: web search (Patch)",9999-12-31,,,true,
bwr_00000157,trap_rock_restaurant_and_brewery,"Trap Rock Restaurant And Brewery","http://www.traprockrestaurant.net","newsletter-targets.csv",1997-01-01,1997,"earliest location start; researched 2026-09-28: web search",9999-12-31,,,true,
bwr_00000158,two_ton_brewing,"Two Ton Brewing","http://www.twotonbrewing.com","newsletter-targets.csv",2018-10-13,2018-10-13,"earliest location start; researched 2026-09-28: Kenilworth facility; contract brewer since 2014 (Patch)",9999-12-31,,,true,
bwr_00000159,untied_brewing_company,"Untied Brewing Company","https://www.untiedbrewingco.com","newsletter-targets.csv",2019-01-01,2019,"earliest location start; researched 2026-09-28: early 2019 (web search)",9999-12-31,,,true,
bwr_00000160,wet_ticket_brewing,"Wet Ticket Brewing","http://www.wetticketbrewing.com","newsletter-targets.csv",2016-11-01,2016-11,"earliest location start; researched 2026-09-28: sources split Nov 2016 vs 2017 (web search)",9999-12-31,,,true,
bwr_00000161,yale_terrace_brewing,"Yale Terrace Brewing","https://ytbrewery.com","newsletter-targets.csv",2026-09-01,,"earliest location start; PLACEHOLDER: default 2026-09-01; opening date not found: likely late 2017 or early 2018, not confirmed",9999-12-31,,,true,
bwr_00000162,buck_hill_brewery_and_restaurant,"Buck Hill Brewery and Restaurant","http://www.buckhillbrewery.com","newsletter-targets.csv",2016-06-11,2016-06-11,"earliest location start; researched 2026-09-28: restaurant opened; on-site brewing followed (Sparta Independent May 2017)",9999-12-31,,,true,
bwr_00000163,czig_meister_brewing_co,"Czig Meister Brewing Co.","http://www.CzigMeisterBrewing.com","newsletter-targets.csv",2016-06-01,2016-06,"earliest location start; researched 2026-09-28: web search",9999-12-31,,,true,
bwr_00000164,jersey_girl_brewing_company,"Jersey Girl Brewing Company","http://www.jerseygirlbrewing.com","newsletter-targets.csv",2016-04-01,2016-04,"earliest location start; researched 2026-09-28: opened to public; formed 2014 (web search)",9999-12-31,,,true,
bwr_00000165,man_skirt_brewing,"Man Skirt Brewing","http://www.manskirtbrewing.com","newsletter-targets.csv",2015-10-03,2015-10-03,"earliest location start; researched 2026-09-28: web search",9999-12-31,,,true,
bwr_00000166,blue_earl_brewing_company,"Blue Earl Brewing Company","http://www.blueearlbrewing.com","newsletter-targets.csv",2015-05-16,2015-05-16,"earliest location start; researched 2026-09-28: web search (DelawareBeerHistory)",9999-12-31,,,true,
bwr_00000167,brick_works_brewing_and_eats,"Brick Works Brewing and Eats","http://www.brickworksde.com","newsletter-targets.csv",2016-01-01,2016,"earliest location start; researched 2026-09-28: founded 2016 (Delaware Today)",9999-12-31,,,true,
bwr_00000168,argilla_brewing_co_pietros_pizza,"Argilla Brewing Co @ Pietro's Pizza","http://www.argillabrewing.com","newsletter-targets.csv",2012-03-20,2012-03-20,"earliest location start; researched 2026-09-28: brewery at Pietro's Pizza (web search)",9999-12-31,,,true,
bwr_00000169,bellefonte_brewing_co,"Bellefonte Brewing Co","http://www.bellefontebrewingco.com","newsletter-targets.csv",2016-05-01,2016-05,"earliest location start; researched 2026-09-28: web search",9999-12-31,,,true,
bwr_00000170,dew_point_brewing,"Dew Point Brewing","http://www.dewpointbrewing.com","newsletter-targets.csv",2016-01-01,2016,"earliest location start; researched 2026-09-28: established 2016 (Delaware Today)",9999-12-31,,,true,
bwr_00000171,midnight_oil_brewing,"Midnight Oil Brewing","http://www.midnightoilbrewing.com","newsletter-targets.csv, duplicate row 'Midnight Oil Brewing Company'",2017-02-03,2017-02-03,"earliest location start; researched 2026-09-28: web search (DelawareBeerHistory)",9999-12-31,,,true,
bwr_00000172,midnight_oil_brewing_company,"Midnight Oil Brewing Company","http://www.midnightoilbrewing.com","newsletter-targets.csv",2017-02-03,2017-02-03,"earliest location start; researched 2026-09-28: same brewery as the 'Midnight Oil Brewing' row (web search)",9999-12-31,,,true,
bwr_00000173,pizza_by_elizabeths,"Pizza By Elizabeths","http://www.pizzabyelizabeths.com","newsletter-targets.csv",1993-01-01,1993,"earliest location start; researched 2026-09-28: restaurant opened 1993; source says not a brewery (Delaware Today)",9999-12-31,,,true,
bwr_00000174,stewarts_brewing_co,"Stewart's Brewing Co","http://www.stewartsbrewingcompany.com","newsletter-targets.csv",1995-01-01,1995,"earliest location start; researched 2026-09-28: established 1995 (WDEL / brewery site)",9999-12-31,,,true,
bwr_00000175,stitch_house_brewery,"Stitch House Brewery","http://www.stitchhousebrewery.com","newsletter-targets.csv",2018-03-12,2018-03-12,"earliest location start; researched 2026-09-28: Delaware Today; one source says 2017",9999-12-31,,,true,
bwr_00000176,twin_lakes_brewing_co,"Twin Lakes Brewing Co","http://www.twinlakesbrewingcompany.com","newsletter-targets.csv",2015-01-01,2015,"earliest location start; researched 2026-09-28: inferred: moved to Newport (ZIP 19804) in 2015; founded Greenville DE 2006-04-13 (Wikipedia)",9999-12-31,,,true,
bwr_00000177,volunteer_brewing_company,"Volunteer Brewing Company","http://www.VolunteerBrewing.com","newsletter-targets.csv",2017-08-01,2017-08,"earliest location start; researched 2026-09-28: opened in garage Aug 2017; new Main St taproom opened 2024-07-16 (Delaware Business Times)",9999-12-31,,,true,
bwr_00000178,roscoe_brewing_company,"Roscoe Brewing Company","http://www.roscoebeercompany.com","newsletter-targets.csv",2013-04-01,2013-04,"earliest location start; researched 2026-09-28: founded 2012; one source says May 2013 (web search)",9999-12-31,,,true,
bwr_00000179,clemson_bros_brewery,"Clemson Bros. Brewery","http://www.clemsonbrewing.com","newsletter-targets.csv",2015-10-08,2015-10-08,"earliest location start; researched 2026-09-28: established 2012 (web search)",9999-12-31,,,true,
bwr_00000180,equilibrium_brewery,"Equilibrium Brewery","http://www.eqbrew.com","newsletter-targets.csv",2017-01-01,2017,"earliest location start; researched 2026-09-28: spring 2017 (Pick OCNY)",9999-12-31,,,true,
bwr_00000181,fox_n_hare_brewing_company,"Fox N Hare Brewing Company","http://www.foxnhare-brewing.com","newsletter-targets.csv",2017-09-01,2017-09,"earliest location start; researched 2026-09-28: web search",9999-12-31,,,true,
bwr_00000182,glenmere_brewing_co_inc,"Glenmere Brewing Co, Inc","http://www.glenmerebrewingco.com","newsletter-targets.csv",2016-01-01,2016,"earliest location start; researched 2026-09-28: summer 2016 (Hudson Valley Magazine)",9999-12-31,,,true,
bwr_00000183,long_lot_farm_brewery,"Long Lot Farm Brewery","http://www.longlotfarmbrewery.com","newsletter-targets.csv",2018-02-01,2018-02,"earliest location start; researched 2026-09-28: web search",9999-12-31,,,true,
bwr_00000184,newburgh_brewing_company,"Newburgh Brewing Company","http://www.newburghbrewing.com","newsletter-targets.csv",2012-01-01,2012,"earliest location start; researched 2026-09-28: web search (I Love NY)",9999-12-31,,,true,
bwr_00000185,pine_island_brewing,"Pine Island Brewing","http://www.pineislandbeer.com","newsletter-targets.csv",2015-10-24,2015-10-24,"earliest location start; researched 2026-09-28: web search",9999-12-31,,,true,
bwr_00000186,rushing_duck_brewing_co,"Rushing Duck Brewing Co","http://www.rushingduck.com","newsletter-targets.csv",2012-08-01,2012-08,"earliest location start; researched 2026-09-28: began selling beer Aug 2012 (West Milford Messenger)",9999-12-31,,,true,
bwr_00000187,westtown_brew_works,"Westtown Brew Works","http://www.westtownbrewworks.com","newsletter-targets.csv",2013-01-01,2013,"earliest location start; researched 2026-09-28: soft opening fall 2013; grand opening 2014 (Hudson Valley Magazine)",9999-12-31,,,true,
bwr_00000188,andean_brewing,"Andean Brewing",,"not found: none in newsletter-targets.csv, nj-breweries-as-of-2026-09-01.csv, or Open Brewery DB (commit 917691a, 2026-08-29); web search limit reached",2013-01-01,2013,"earliest location start; researched 2026-09-28: taproom opened summer 2013 (Boozy Burbs)",9999-12-31,,,true,
bwr_00000189,defiant_brewing_co,"Defiant Brewing Co","http://www.defiantbrewing.com","newsletter-targets.csv",2006-01-01,2006,"earliest location start; researched 2026-09-28: founded 2006 (Daily Voice / Hoodline)",9999-12-31,,,true,
bwr_00000190,district_96_beer_factory,"District 96 Beer Factory","http://www.district96beer.com","newsletter-targets.csv",2026-09-01,,"earliest location start; PLACEHOLDER: default 2026-09-01; opening date not found: opened July 10, year not stated (Daily Voice)",9999-12-31,,,true,
bwr_00000191,gentle_giant_brewing_company,"Gentle Giant Brewing Company","http://gentlegiantbrewing.com/","newsletter-targets.csv",2018-04-01,2018-04,"earliest location start; researched 2026-09-28: soft opening; founded 2016 (Boozy Burbs)",9999-12-31,,,true,
bwr_00000192,industrial_arts_brewing_co,"Industrial Arts Brewing Co.","http://www.industrialartsbrewing.com","newsletter-targets.csv",2026-09-01,,"earliest location start; PLACEHOLDER: default 2026-09-01; opening date not researched (session web-search limit reached)",9999-12-31,,,true,
bwr_00000193,catskill_brewery,"Catskill Brewery","http://www.catskillbrewery.com","newsletter-targets.csv",2026-09-01,,"earliest location start; PLACEHOLDER: default 2026-09-01; opening date not researched (session web-search limit reached)",9999-12-31,,,true,
bwr_00000194,shrewd_fox_brewery,"Shrewd Fox Brewery","http://www.shrewdfoxbrewery.com","newsletter-targets.csv",2026-09-01,,"earliest location start; PLACEHOLDER: default 2026-09-01; opening date not researched (session web-search limit reached)",9999-12-31,,,true,
bwr_00000195,broken_goblet_brewing,"Broken Goblet Brewing","http://www.brokengoblet.com","newsletter-targets.csv",2026-09-01,,"earliest location start; PLACEHOLDER: default 2026-09-01; opening date not researched (session web-search limit reached)",9999-12-31,,,true,
bwr_00000196,bucks_county_brewery,"Bucks County Brewery","http://www.buckscountybrewery.com","newsletter-targets.csv",2026-09-01,,"earliest location start; PLACEHOLDER: default 2026-09-01; opening date not researched (session web-search limit reached)",9999-12-31,,,true,
bwr_00000197,free_will_brewing_company,"Free Will Brewing Company","http://www.freewillbrewing.com","newsletter-targets.csv",2012-01-01,2012-01,"earliest location start; researched 2026-09-28: brewery site: Perkasie operating since Jan 2012",9999-12-31,,,true,
bwr_00000198,great_barn_brewery,"Great Barn Brewery","http://www.greatbarnbrewery.com","newsletter-targets.csv",2026-09-01,,"earliest location start; PLACEHOLDER: default 2026-09-01; opening date not researched (session web-search limit reached)",9999-12-31,,,true,
bwr_00000199,mad_princes_brewing,"Mad Princes Brewing",,"not found: none in newsletter-targets.csv, nj-breweries-as-of-2026-09-01.csv, or Open Brewery DB (commit 917691a, 2026-08-29); web search limit reached",2026-09-01,,"earliest location start; PLACEHOLDER: default 2026-09-01; opening date not researched (session web-search limit reached)",9999-12-31,,,true,
bwr_00000200,neshaminy_creek_brewing_co,"Neshaminy Creek Brewing Co","http://www.neshaminycreekbrewing.com","newsletter-targets.csv",2010-01-01,2010,"earliest location start; researched 2026-09-28: Wikipedia list of PA breweries",9999-12-31,,,true,
bwr_00000201,the_proper_brewing_company,"The Proper Brewing Company","http://www.theproperbrewing.com","newsletter-targets.csv",2026-09-01,,"earliest location start; PLACEHOLDER: default 2026-09-01; opening date not researched (session web-search limit reached)",9999-12-31,,,true,
bwr_00000202,towerhill_brewery,"Towerhill Brewery","http://www.towerhillbrewery.com","newsletter-targets.csv",2026-09-01,,"earliest location start; PLACEHOLDER: default 2026-09-01; opening date not researched (session web-search limit reached)",9999-12-31,,,true,
bwr_00000203,vault_brewing_co,"Vault Brewing Co","http://www.vaultbrewing.com","newsletter-targets.csv",2026-09-01,,"earliest location start; PLACEHOLDER: default 2026-09-01; opening date not researched (session web-search limit reached)",9999-12-31,,,true,
bwr_00000204,taylor_house_brewing_co,"Taylor House Brewing Co","http://www.taylorhousebrewing.com","newsletter-targets.csv",2026-09-01,,"earliest location start; PLACEHOLDER: default 2026-09-01; opening date not researched (session web-search limit reached)",9999-12-31,,,true,
bwr_00000205,barley_creek_brewing_co,"Barley Creek Brewing Co","http://www.barleycreek.com","newsletter-targets.csv",1995-01-01,1995,"earliest location start; researched 2026-09-28: Wikipedia list of PA breweries",9999-12-31,,,true,
bwr_00000206,pocono_brewery_company,"Pocono Brewery Company",,"not found: none in newsletter-targets.csv, nj-breweries-as-of-2026-09-01.csv, or Open Brewery DB (commit 917691a, 2026-08-29); web search limit reached",2026-09-01,,"earliest location start; PLACEHOLDER: default 2026-09-01; opening date not researched (session web-search limit reached)",9999-12-31,,,true,
bwr_00000207,shawnee_craft_brewery,"Shawnee Craft Brewery",,"not found: none in newsletter-targets.csv, nj-breweries-as-of-2026-09-01.csv, or Open Brewery DB (commit 917691a, 2026-08-29); web search limit reached",2026-09-01,,"earliest location start; PLACEHOLDER: default 2026-09-01; opening date not researched (session web-search limit reached)",9999-12-31,,,true,
bwr_00000208,crooked_eye_brewery,"Crooked Eye Brewery","http://crookedeyebrewery.com","newsletter-targets.csv",2026-09-01,,"earliest location start; PLACEHOLDER: default 2026-09-01; opening date not researched (session web-search limit reached)",9999-12-31,,,true,
bwr_00000209,imprint_beer_company,"Imprint Beer Company","http://www.imprintbeer.com","newsletter-targets.csv",2018-01-01,2018,"earliest location start; researched 2026-09-28: brewery site: est. 2018",9999-12-31,,,true,
bwr_00000210,moss_mill_brewing,"Moss Mill Brewing","http://www.mossmillbrewing.com","newsletter-targets.csv",2026-09-01,,"earliest location start; PLACEHOLDER: default 2026-09-01; opening date not researched (session web-search limit reached)",9999-12-31,,,true,
bwr_00000211,naked_brewing_co,"Naked Brewing Co","http://www.nakedbrewingcompany.com","newsletter-targets.csv",2026-09-01,,"earliest location start; PLACEHOLDER: default 2026-09-01; opening date not researched (session web-search limit reached)",9999-12-31,,,true,
bwr_00000212,perkiomen_valley_brewery,"Perkiomen Valley Brewery","http://www.perkiomenvalleybrewery.com","newsletter-targets.csv",2026-09-01,,"earliest location start; PLACEHOLDER: default 2026-09-01; opening date not researched (session web-search limit reached)",9999-12-31,,,true,
bwr_00000213,bangor_trust_brewing,"Bangor Trust Brewing","http://bangortrustbrewing.com","newsletter-targets.csv",2026-09-01,,"earliest location start; PLACEHOLDER: default 2026-09-01; opening date not researched (session web-search limit reached)",9999-12-31,,,true,
bwr_00000214,birthright_brewing_co,"Birthright Brewing Co.","http://www.birthrightbrewingco.com","newsletter-targets.csv",2026-09-01,,"earliest location start; PLACEHOLDER: default 2026-09-01; opening date not researched (session web-search limit reached)",9999-12-31,,,true,
bwr_00000215,bonn_place_brewing,"Bonn Place Brewing","http://www.bonnbrewing.com","newsletter-targets.csv",2016-07-01,2016-07,"earliest location start; researched 2026-09-28: brewery site: opened July 2016",9999-12-31,,,true,
bwr_00000216,cave_brewing_co,"Cave Brewing Co","http://www.cavebrewing.com","newsletter-targets.csv",2026-09-01,,"earliest location start; PLACEHOLDER: default 2026-09-01; opening date not researched (session web-search limit reached)",9999-12-31,,,true,
bwr_00000217,hop_hill_brewing_company,"Hop Hill Brewing Company","http://www.hophillbeer.com","newsletter-targets.csv",2026-09-01,,"earliest location start; PLACEHOLDER: default 2026-09-01; opening date not researched (session web-search limit reached)",9999-12-31,,,true,
bwr_00000218,lost_tavern_brewing,"Lost Tavern Brewing","http://www.losttavernbrewing.com","newsletter-targets.csv",2026-09-01,,"earliest location start; PLACEHOLDER: default 2026-09-01; opening date not researched (session web-search limit reached)",9999-12-31,,,true,
bwr_00000219,the_brewery_b_ser_geist_brewing_co_llc,"The Brewery Böser Geist Brewing Co., LLC",,"not found: none in newsletter-targets.csv, nj-breweries-as-of-2026-09-01.csv, or Open Brewery DB (commit 917691a, 2026-08-29); web search limit reached",2026-09-01,,"earliest location start; PLACEHOLDER: default 2026-09-01; opening date not researched (session web-search limit reached)",9999-12-31,,,true,
bwr_00000220,two_rivers_brewing_co,"Two Rivers Brewing Co","http://www.tworiversbrewing.com","newsletter-targets.csv",2026-09-01,,"earliest location start; PLACEHOLDER: default 2026-09-01; opening date not researched (session web-search limit reached)",9999-12-31,,,true,
bwr_00000221,weyerbacher_brewing_co,"Weyerbacher Brewing Co","http://www.weyerbacher.com","newsletter-targets.csv",1995-01-01,1995,"earliest location start; researched 2026-09-28: Wikipedia list of PA breweries",9999-12-31,,,true,
bwr_00000222,wallenpaupack_brewing_company,"Wallenpaupack Brewing Company","http://www.wallenpaupackbrewingco.com","newsletter-targets.csv",2026-09-01,,"earliest location start; PLACEHOLDER: default 2026-09-01; opening date not researched (session web-search limit reached)",9999-12-31,,,true,
bwr_00000223,jam_room_brewing_co,"Jam Room Brewing Co","http://www.jamroombrewing.net","newsletter-targets.csv",2026-09-01,,"earliest location start; PLACEHOLDER: default 2026-09-01; opening date not researched (session web-search limit reached)",9999-12-31,,,true,
bwr_00000224,tomfoolery_brewing,"Tomfoolery Brewing","http://www.tomfoolerybrewing.beer","expired-targets.csv",2018-12-01,,"earliest location start; ESTIMATE: set 1 month before effective_to; opening date not researched (session web-search limit reached)",2019-01-01,2019,"year only",false,
bwr_00000225,tuckahoe_brewing_co,"Tuckahoe Brewing Co","http://www.tuckahoebrewing.com","expired-targets.csv",2022-12-01,,"earliest location start; ESTIMATE: set 1 month before effective_to; opening date not researched (session web-search limit reached)",2023-01-01,2023,"year only",false,
bwr_00000226,vinyl_brewing_company_llc,"Vinyl Brewing Company, LLC","http://www.vinylbrewingnj.com","expired-targets.csv",2023-12-01,,"earliest location start; ESTIMATE: set 1 month before effective_to; opening date not researched (session web-search limit reached)",2024-01-01,2024,"year only",false,
bwr_00000227,the_alementary,"The Alementary","http://www.alementary.com","expired-targets.csv",2023-12-01,,"earliest location start; ESTIMATE: set 1 month before effective_to; opening date not researched (session web-search limit reached)",2024-01-01,2024,"year only",false,
bwr_00000228,common_sense_brewing,"Common Sense Brewing","http://www.commonsensebrewing.com","expired-targets.csv",2018-12-01,,"earliest location start; ESTIMATE: set 1 month before effective_to; opening date not researched (session web-search limit reached)",2019-01-01,2019,"year only",false,
bwr_00000229,iron_hill_brewery_restaurant_maple_shade,"Iron Hill Brewery & Restaurant - Maple Shade","http://www.ironhillbrewery.com","expired-targets.csv",2025-08-01,,"earliest location start; ESTIMATE: set 1 month before effective_to; opening date not researched (session web-search limit reached)",2025-09-01,2025-09,"month only; whole Iron Hill chain closed",false,
bwr_00000230,nale_house_brewing_co,"Nale House Brewing Co","http://www.nalehousebrewing.com","expired-targets.csv",2018-12-01,,"earliest location start; ESTIMATE: set 1 month before effective_to; opening date not researched (session web-search limit reached)",2019-01-01,2019,"year only",false,
bwr_00000231,atco_brewing_llc,"Atco Brewing LLC","http://Www.atcobrewingcompany.com","expired-targets.csv",2020-12-01,,"earliest location start; ESTIMATE: set 1 month before effective_to; opening date not researched (session web-search limit reached)",2021-01-01,2021,"year only",false,
bwr_00000232,devils_creek_brewery,"Devil's Creek Brewery","http://www.DevilsCreekBrewery.com","expired-targets.csv",2022-12-01,,"earliest location start; ESTIMATE: set 1 month before effective_to; opening date not researched (session web-search limit reached)",2023-01-01,2023,"end of 2023 per 42 Freeway/Raccoon Taproom coverage",false,
bwr_00000233,flying_fish_brewing_co,"Flying Fish Brewing Co","http://www.flyingfish.com","expired-targets.csv",1996-01-01,1996,"earliest location start; researched 2026-09-28: Wikipedia list of NJ breweries",2024-01-01,2024,"year only; Chapter 11 filed 2023-12-29, brand sold to Guilford Hall Brewery (Baltimore, MD)",false,
bwr_00000234,forgotten_boardwalk_brewing,"Forgotten Boardwalk Brewing","http://www.forgottenboardwalk.com","expired-targets.csv",2023-12-01,,"earliest location start; ESTIMATE: set 1 month before effective_to; opening date not researched (session web-search limit reached)",2024-01-01,2024,"year only",false,
bwr_00000235,iron_hill_brewery_restaurant_voorhees,"Iron Hill Brewery & Restaurant - Voorhees","http://www.ironhillbrewery.com","expired-targets.csv",2013-01-01,2013,"earliest location start; researched 2026-09-28: Wikipedia list of NJ breweries",2025-09-01,2025-09,"month only; whole Iron Hill chain closed",false,
bwr_00000236,lunacy_brewing_company,"Lunacy Brewing Company","http://www.lunacybrewingcompany.com","expired-targets.csv",2022-12-01,,"earliest location start; ESTIMATE: set 1 month before effective_to; opening date not researched (session web-search limit reached)",2023-01-01,2023,"year only",false,
bwr_00000237,7_mile_brewery,"7 Mile Brewery","http://www.7milebrew.com","expired-targets.csv",2022-12-01,,"earliest location start; ESTIMATE: set 1 month before effective_to; opening date not researched (session web-search limit reached)",2023-01-01,2023,"year only",false,
bwr_00000238,bucket_brigade_brewery,"Bucket Brigade Brewery","http://www.bucketbrigadebrewery.com","expired-targets.csv",2024-12-26,,"earliest location start; ESTIMATE: set 1 month before effective_to; opening date not researched (session web-search limit reached)",2025-01-26,2025-01-26,"exact; Press of Atlantic City / The Beer Thrillers",false,
bwr_00000239,brinx_jones_brewery,"Brinx Jones Brewery","http://www.brinxjones.com","expired-targets.csv",2018-12-01,,"earliest location start; ESTIMATE: set 1 month before effective_to; opening date not researched (session web-search limit reached)",2019-01-01,2019,"NJCB says 2018/2019",false,
bwr_00000240,anheuser_busch_inc_newark,"Anheuser-Busch Inc - Newark","http://www.anheuser-busch.com","expired-targets.csv",1951-01-01,1951,"earliest location start; researched 2026-09-28: Wikipedia list of NJ breweries",unknown,,"exact date not found; press summaries say closed late 2025, announced for early 2026; site sold to Goodman North America March 2026",false,
bwr_00000241,eight_sand_beer_co,"Eight & Sand Beer Co","http://www.eightandsandbeer.com","expired-targets.csv",2026-05-28,,"earliest location start; ESTIMATE: set 1 month before effective_to; opening date not researched (session web-search limit reached)",2026-06-28,2026-06-28,"exact; 42 Freeway, published 2026-06-23",false,
bwr_00000242,human_village_brewing_co,"Human Village Brewing Co.","http://www.humanvillagebrewingco.com","expired-targets.csv",2020-12-01,,"earliest location start; ESTIMATE: set 1 month before effective_to; opening date not researched (session web-search limit reached)",2021-01-01,2021,"year only",false,
bwr_00000243,kelly_green_brewing_co,"Kelly Green Brewing Co.","http://www.kellygreenbrewing.com","expired-targets.csv",2022-12-01,,"earliest location start; ESTIMATE: set 1 month before effective_to; opening date not researched (session web-search limit reached)",2023-01-01,2023,"year only",false,
bwr_00000244,demented_brewing_co,"Demented Brewing Co.","http://www.dementedbrewing.com","expired-targets.csv",2018-12-01,,"earliest location start; ESTIMATE: set 1 month before effective_to; opening date not researched (session web-search limit reached)",2019-01-01,2019,"year only",false,
bwr_00000245,j_j_bitting_brewing_co,"J.J. Bitting Brewing Co.","http://www.njbrewpubs.com","expired-targets.csv",2025-12-01,,"earliest location start; ESTIMATE: set 1 month before effective_to; opening date not researched (session web-search limit reached)",2026-01-01,2026,"year only; NJCB: stopped producing house beers in 2026; Yelp marks JJ Bitting closed (April 2026)",false,
bwr_00000246,birravino,Birravino,"http://www.birravino.com","expired-targets.csv",1996-01-01,1996,"earliest location start; researched 2026-09-28: Wikipedia list of NJ breweries",2023-01-01,2023,"year only; NJCB: no longer brewing on site as of 2023",false,
bwr_00000247,bradley_brew_project,"Bradley Brew Project","http://www.bradleybrew.com","expired-targets.csv",2025-09-25,,"earliest location start; ESTIMATE: set 1 month before effective_to; opening date not researched (session web-search limit reached)",2025-10-25,2025-10-25,"exact; Asbury Park Press/Network Today",false,
bwr_00000248,dark_city_brewing_company,"Dark City Brewing Company","http://www.darkcitybrewing.com","expired-targets.csv",2019-12-01,,"earliest location start; ESTIMATE: set 1 month before effective_to; opening date not researched (session web-search limit reached)",2020-01-01,2020,"year only",false,
bwr_00000249,jughandle_brewing_co_llc,"Jughandle Brewing Co LLC","http://www.jughandlebrewing.com","expired-targets.csv",2022-12-01,,"earliest location start; ESTIMATE: set 1 month before effective_to; opening date not researched (session web-search limit reached)",2023-01-01,2023,"year only",false,
bwr_00000250,raritan_bay_brewing_llc,"Raritan Bay Brewing, LLC","http://raritanbaybrewing.com","expired-targets.csv",2020-12-01,,"earliest location start; ESTIMATE: set 1 month before effective_to; opening date not researched (session web-search limit reached)",2021-01-01,2021,"year only",false,
bwr_00000251,backward_flag_brewing,"Backward Flag Brewing","http://www.backwardflagbrewing.com","expired-targets.csv",2023-12-01,,"earliest location start; ESTIMATE: set 1 month before effective_to; opening date not researched (session web-search limit reached)",2024-01-01,2024,"year only",false,
bwr_00000252,frye_brewing,"Frye Brewing","http://Www.fryebrewingco.com","expired-targets.csv",2025-04-03,,"earliest location start; ESTIMATE: set 1 month before effective_to; opening date not researched (session web-search limit reached)",2025-05-03,2025-05-03,"exact; WPUR/97.3 ESPN",false,
bwr_00000253,the_referend_bier_blendery,"The Referend Bier Blendery","http://www.thereferend.com","expired-targets.csv",2020-12-01,,"earliest location start; ESTIMATE: set 1 month before effective_to; opening date not researched (session web-search limit reached)",2021-01-01,2021,"year; NJCB says 2022; moved to Kutztown, PA (Berks County; outside NJ scope and not a border-cohort county)",false,
