name,city,county,state,"brewery_type",website,reason,"closure_date","superseded_by",source,"closure_date_reference","closure_date_basis"
"Tomfoolery Brewing",Hammonton,"Atlantic County","New Jersey",micro,"http://www.tomfoolerybrewing.beer",closed,2019-01-01,,"NJCB directory (newjerseycraftbeer.com/new-jersey-breweries/, page updated 2026-08-17)",2019,"year only"
"Tuckahoe Brewing Co","Egg Harbor Township","Atlantic County","New Jersey",micro,"http://www.tuckahoebrewing.com",closed,2023-01-01,,"NJCB directory (newjerseycraftbeer.com/new-jersey-breweries/, page updated 2026-08-17)",2023,"year only"
"Vinyl Brewing Company, LLC",Hammonton,"Atlantic County","New Jersey",micro,"http://www.vinylbrewingnj.com",closed,2024-01-01,,"NJCB directory (newjerseycraftbeer.com/new-jersey-breweries/, page updated 2026-08-17)",2024,"year only"
"The Alementary",Hackensack,"Bergen County","New Jersey",micro,"http://www.alementary.com",closed,2024-01-01,,"NJCB directory (newjerseycraftbeer.com/new-jersey-breweries/, page updated 2026-08-17)",2024,"year only"
"Common Sense Brewing",Bordentown,"Burlington County","New Jersey",micro,"http://www.commonsensebrewing.com",closed,2019-01-01,,"NJCB directory (newjerseycraftbeer.com/new-jersey-breweries/, page updated 2026-08-17)",2019,"year only"
"Iron Hill Brewery & Restaurant - Maple Shade","Maple Shade","Burlington County","New Jersey",brewpub,"http://www.ironhillbrewery.com",closed,2025-09-01,,"NJCB directory (newjerseycraftbeer.com/new-jersey-breweries/, page updated 2026-08-17)",2025-09,"month only; whole Iron Hill chain closed"
"Nale House Brewing Co",Medford,"Burlington County","New Jersey",micro,"http://www.nalehousebrewing.com",closed,2019-01-01,,"NJCB directory (newjerseycraftbeer.com/new-jersey-breweries/, page updated 2026-08-17)",2019,"year only"
"Atco Brewing LLC",Atco,"Camden County","New Jersey",micro,"http://Www.atcobrewingcompany.com",closed,2021-01-01,,"NJCB directory (newjerseycraftbeer.com/new-jersey-breweries/, page updated 2026-08-17)",2021,"year only"
"Devil's Creek Brewery",Collingswood,"Camden County","New Jersey",micro,"http://www.DevilsCreekBrewery.com",closed,2023-01-01,"Raccoon Taproom (Swedesboro Brewing), Collingswood, opened 2024-06-01 at this site","NJCB directory (newjerseycraftbeer.com/new-jersey-breweries/, page updated 2026-08-17)",2023,"end of 2023 per 42 Freeway/Raccoon Taproom coverage"
"Flying Fish Brewing Co",Somerdale,"Camden County","New Jersey",regional,"http://www.flyingfish.com",closed,2024-01-01,,"NJCB directory (newjerseycraftbeer.com/new-jersey-breweries/, page updated 2026-08-17)",2024,"year only; Chapter 11 filed 2023-12-29, brand sold to Guilford Hall Brewery (Baltimore, MD)"
"Forgotten Boardwalk Brewing","Cherry Hill","Camden County","New Jersey",micro,"http://www.forgottenboardwalk.com",closed,2024-01-01,,"NJCB directory (newjerseycraftbeer.com/new-jersey-breweries/, page updated 2026-08-17)",2024,"year only"
"Iron Hill Brewery & Restaurant - Voorhees",Voorhees,"Camden County","New Jersey",brewpub,"http://www.ironhillbrewery.com",closed,2025-09-01,,"NJCB directory (newjerseycraftbeer.com/new-jersey-breweries/, page updated 2026-08-17)",2025-09,"month only; whole Iron Hill chain closed"
"Lunacy Brewing Company","Haddon Heights","Camden County","New Jersey",micro,"http://www.lunacybrewingcompany.com",closed,2023-01-01,,"NJCB directory (newjerseycraftbeer.com/new-jersey-breweries/, page updated 2026-08-17)",2023,"year only"
"7 Mile Brewery","Rio Grande","Cape May County","New Jersey",micro,"http://www.7milebrew.com",closed,2023-01-01,,"NJCB directory (newjerseycraftbeer.com/new-jersey-breweries/, page updated 2026-08-17)",2023,"year only"
"Bucket Brigade Brewery","Cape May Court House","Cape May County","New Jersey",micro,"http://www.bucketbrigadebrewery.com",closed,2025-01-26,"Obscura Brewing Co, same site, rebranded by the owner's son","NJCB directory (newjerseycraftbeer.com/new-jersey-breweries/, page updated 2026-08-17)",2025-01-26,"exact; Press of Atlantic City / The Beer Thrillers"
"Brinx Jones Brewery",Vineland,"Cumberland County","New Jersey",micro,"http://www.brinxjones.com",closed,2019-01-01,,"NJCB directory (newjerseycraftbeer.com/new-jersey-breweries/, page updated 2026-08-17)",2019,"NJCB says 2018/2019"
"Anheuser-Busch Inc - Newark",Newark,"Essex County","New Jersey",large,"http://www.anheuser-busch.com",closed,,,"NJCB directory (newjerseycraftbeer.com/new-jersey-breweries/, page updated 2026-08-17)",,"exact date not found; press summaries say closed late 2025, announced for early 2026; site sold to Goodman North America March 2026"
"Eight & Sand Beer Co",Woodbury,"Gloucester County","New Jersey",micro,"http://www.eightandsandbeer.com",closed,2026-06-28,"Freckled Jawn Brewing (opening expected October 2026, not yet open)","NJCB directory (newjerseycraftbeer.com/new-jersey-breweries/, page updated 2026-08-17)",2026-06-28,"exact; 42 Freeway, published 2026-06-23"
"Human Village Brewing Co.",Pitman,"Gloucester County","New Jersey",micro,"http://www.humanvillagebrewingco.com",closed,2021-01-01,,"NJCB directory (newjerseycraftbeer.com/new-jersey-breweries/, page updated 2026-08-17)",2021,"year only"
"Kelly Green Brewing Co.",Pitman,"Gloucester County","New Jersey",micro,"http://www.kellygreenbrewing.com",closed,2023-01-01,,"NJCB directory (newjerseycraftbeer.com/new-jersey-breweries/, page updated 2026-08-17)",2023,"year only"
"Demented Brewing Co.",Middlesex,"Middlesex County","New Jersey",micro,"http://www.dementedbrewing.com",closed,2019-01-01,"The Hidden Brewery later opened in Middlesex NJ (different site history: former Ashton Brewing)","NJCB directory (newjerseycraftbeer.com/new-jersey-breweries/, page updated 2026-08-17)",2019,"year only"
"J.J. Bitting Brewing Co.",Woodbridge,"Middlesex County","New Jersey",brewpub,"http://www.njbrewpubs.com",closed,2026-01-01,,"NJCB directory (newjerseycraftbeer.com/new-jersey-breweries/, page updated 2026-08-17)",2026,"year only; NJCB: stopped producing house beers in 2026; Yelp marks JJ Bitting closed (April 2026)"
Birravino,"Red Bank","Monmouth County","New Jersey",brewpub,"http://www.birravino.com",closed,2023-01-01,,"NJCB directory (newjerseycraftbeer.com/new-jersey-breweries/, page updated 2026-08-17)",2023,"year only; NJCB: no longer brewing on site as of 2023"
"Bradley Brew Project","Bradley Beach","Monmouth County","New Jersey",micro,"http://www.bradleybrew.com",closed,2025-10-25,"Brand continues, brewed at Tall Oaks Farm + Brewery, Farmingdale; Erratic Fermentations took the Bradley Beach space","NJCB directory (newjerseycraftbeer.com/new-jersey-breweries/, page updated 2026-08-17)",2025-10-25,"exact; Asbury Park Press/Network Today"
"Dark City Brewing Company","Asbury Park","Monmouth County","New Jersey",micro,"http://www.darkcitybrewing.com",closed,2020-01-01,,"NJCB directory (newjerseycraftbeer.com/new-jersey-breweries/, page updated 2026-08-17)",2020,"year only"
"Jughandle Brewing Co LLC","Tinton Falls","Monmouth County","New Jersey",micro,"http://www.jughandlebrewing.com",closed,2023-01-01,"Twin Lights Brewing now occupies this Tinton Falls location","NJCB directory (newjerseycraftbeer.com/new-jersey-breweries/, page updated 2026-08-17)",2023,"year only"
"Raritan Bay Brewing, LLC",Keansburg,"Monmouth County","New Jersey",micro,"http://raritanbaybrewing.com",closed,2021-01-01,,"NJCB directory (newjerseycraftbeer.com/new-jersey-breweries/, page updated 2026-08-17)",2021,"year only"
"Backward Flag Brewing","Forked River","Ocean County","New Jersey",micro,"http://www.backwardflagbrewing.com",closed,2024-01-01,,"NJCB directory (newjerseycraftbeer.com/new-jersey-breweries/, page updated 2026-08-17)",2024,"year only"
"Frye Brewing","Point Pleasant Boro","Ocean County","New Jersey",micro,"http://Www.fryebrewingco.com",closed,2025-05-03,"Lokal Brewing Co (opened October 2025) at 2257 Bridge Ave","NJCB directory (newjerseycraftbeer.com/new-jersey-breweries/, page updated 2026-08-17)",2025-05-03,"exact; WPUR/97.3 ESPN"
"Cape May Brewing Company","Cape May","Cape May County","New Jersey",micro,"http://www.capemaybrewery.com","duplicate_record",,"Cape May Brewing Company, Rio Grande (single location, 1250 Hornet Rd)","NJCB directory (newjerseycraftbeer.com/new-jersey-breweries/, page updated 2026-08-17)",,"no closure; same brewery as the Rio Grande row"
"Brotherton Brewing Company",Shamong,"Burlington County","New Jersey",micro,"http://www.brothertonbrewing.com",relocated,2020-09-01,"Brotherton Brewing Company, Atco (closed spring 2025; reopened 2026-06-27 under new owners)","NJCB directory (newjerseycraftbeer.com/new-jersey-breweries/, page updated 2026-08-17); plus press coverage listed in research_note of the current-location row",2020-09,"month only; moved Shamong to Atco (former firehouse)"
"Cross Keys Brewing Co",Williamstown,"Gloucester County","New Jersey",micro,"http://www.ckbcbeer.com",relocated,,"Cross Keys Brewing Co, Mount Laurel","NJCB directory (newjerseycraftbeer.com/new-jersey-breweries/, page updated 2026-08-17); plus press coverage listed in research_note of the current-location row",,"move date not found; brewery operates in Mount Laurel"
"Icarus Brewing Company",Lakewood,"Ocean County","New Jersey",micro,"http://www.icarusbrewing.com",relocated,2024-06-01,"Icarus Brewing, Brick (2045 Route 88)","NJCB directory (newjerseycraftbeer.com/new-jersey-breweries/, page updated 2026-08-17); plus press coverage listed in research_note of the current-location row",2024-06,"month only; final beer poured in Lakewood June 2024; Brick grand opening 2024-07-20"
"Ludlam Island Brewery","Ocean View","Cape May County","New Jersey",micro,"http://ludlamisland.com",relocated,2024-01-01,"Ludlam Island Brewery, Woodbine","NJCB directory (newjerseycraftbeer.com/new-jersey-breweries/, page updated 2026-08-17); plus press coverage listed in research_note of the current-location row",2024,"year only; moved from Ocean View to former bowling alley in Woodbine, opened spring 2024"
"Angry Erik Brewing",Lafayette,"Sussex County","New Jersey",micro,"http://www.angryerik.com",relocated,2019-01-01,"Angry Erik Brewing, Newton","NJCB directory (newjerseycraftbeer.com/new-jersey-breweries/, page updated 2026-08-17); plus press coverage listed in research_note of the current-location row",2019,"year only; moved spring 2019 to 2 Camre Drive"
"Third State Brewing",Burlington,"Burlington County","New Jersey",micro,"http://www.thirdstatebrewing.com",renamed,,"Raccoon Pubhaus, Burlington","NJCB directory (newjerseycraftbeer.com/new-jersey-breweries/, page updated 2026-08-17)",,"rename date not found; same Burlington site, acquired by the Swedesboro Brewing family"
"Rinn Duin Brewing","Toms River","Ocean County","New Jersey",micro,"http://www.rinnduinbrewing.com",renamed,2018-01-01,"Toms River Brewing, Toms River","NJCB directory (newjerseycraftbeer.com/new-jersey-breweries/, page updated 2026-08-17)",2018,"year only; acquired and renamed, transition completed April 2019"
"The Referend Bier Blendery",Pennington,"Mercer County","New Jersey",micro,"http://www.thereferend.com","moved_out_of_state",2021-01-01,"The Referend Bier Blendery, Kutztown, PA","NJCB directory (newjerseycraftbeer.com/new-jersey-breweries/, page updated 2026-08-17)",2021,"year; NJCB says 2022; moved to Kutztown, PA (Berks County; outside NJ scope and not a border-cohort county)"
