"brewer_sk","brewer_natural_key",cohort,"added_date",status,website,"website_source",email
bwr_00000001,cross_keys_brewing_co,nj,2026-09-23,target,"http://www.ckbcbeer.com","newsletter-targets.csv",
bwr_00000003,third_state_brewing,nj,2026-09-23,target,"https://www.swedesborobrewing.com","newsletter-targets.csv",
bwr_00000004,brotherton_brewing_company,nj,2026-09-23,target,"http://www.brothertonbrewing.com","newsletter-targets.csv",
bwr_00000005,ludlam_island_brewery,nj,2026-09-23,target,"http://ludlamisland.com","newsletter-targets.csv",
bwr_00000006,icarus_brewing_company,nj,2026-09-23,target,"http://www.icarusbrewing.com","newsletter-targets.csv",
bwr_00000008,rinn_duin_brewing,nj,2026-09-23,target,"https://tomsriverbrewing.com/","nj-breweries-as-of-2026-09-01.csv",
bwr_00000009,angry_erik_brewing,nj,2026-09-23,target,"http://www.angryerik.com","newsletter-targets.csv",
bwr_00000010,five_dimes_brewery,nj,2026-09-23,target,"https://www.fivedimesbrewery.com","newsletter-targets.csv",
bwr_00000011,kings_road_brewing_company,nj,2026-09-23,target,"https://kingsroadbrewing.com","newsletter-targets.csv",
bwr_00000012,magnify_brewing_company,nj,2026-09-01,target,"http://www.magnifybrewing.com","newsletter-targets.csv",
bwr_00000013,tonewood_brewing,nj,2026-09-01,target,"http://www.tonewoodbrewing.com","newsletter-targets.csv",
bwr_00000014,invertase_brewing,nj,2026-09-23,target,"https://invertasebrewing.com","newsletter-targets.csv",
bwr_00000015,triumph_brewing_co,nj,,target,"http://www.triumphbrew.com","newsletter-targets.csv",
bwr_00000016,iron_hill_brewery_restaurant,border,,target,"http://www.ironhillbrewery.com","newsletter-targets.csv",
bwr_00000017,garden_state_beer_company,nj,2026-09-01,target,"http://www.gardenstatebeerco.com","newsletter-targets.csv",
bwr_00000018,hidden_sands_brewing_company,nj,2026-09-01,target,"http://hiddensands.com","newsletter-targets.csv",
bwr_00000019,snouts_and_stouts,nj,2026-09-23,target,"https://snoutsandstoutsbrewing.com","newsletter-targets.csv",
bwr_00000020,somers_point_brewing_company,nj,2026-09-23,target,"https://somerspointbrewing.com","newsletter-targets.csv",
bwr_00000021,the_buena_connection_brewing_company,nj,2026-09-23,target,"https://buenaconnectionbrewing.com","newsletter-targets.csv",
bwr_00000022,the_seed_a_living_beer_project,nj,2026-09-23,target,"https://theseedbeer.com","newsletter-targets.csv",
bwr_00000023,three_3s_brewery,nj,2026-09-01,target,"http://www.three3sbrewing.com","newsletter-targets.csv",
bwr_00000024,tun_tavern_brewery_and_restaurant,nj,2026-09-01,target,"http://www.tuntavern.com","newsletter-targets.csv",
bwr_00000025,asturia_brewing,nj,2026-09-23,target,"https://www.asturiabrewingco.com","newsletter-targets.csv",
bwr_00000026,bolero_snort_brewery,nj,2026-09-23,target,"http://www.bolerosnort.com","newsletter-targets.csv",
bwr_00000027,brix_city_brewing,nj,2026-09-01,target,"http://www.brixcitybrewing.com","newsletter-targets.csv",
bwr_00000028,gearblock_brewing_company,nj,2026-09-23,target,"https://www.gearblockbrewing.com","newsletter-targets.csv",
bwr_00000029,hackensack_brewing,nj,2026-09-23,target,"https://www.hackensackbrewing.com","newsletter-targets.csv",
bwr_00000030,abyssal_brewing,nj,2026-09-23,target,"https://abyssalbrewing.com/","nj-breweries-as-of-2026-09-01.csv",
bwr_00000031,bout_the_hops_brewing,nj,2026-09-23,target,"https://boutthehops.com","newsletter-targets.csv",
bwr_00000032,brewery_thirty_three,nj,2026-09-23,target,"https://craftbrewery33.com","newsletter-targets.csv",
bwr_00000033,dr_brewlittles_beer,nj,2026-09-23,target,"https://drbrewlittlesbeer.com","newsletter-targets.csv",
bwr_00000034,farm_truck_brewing,nj,2026-09-23,target,"https://farmtruckbrewing.com","newsletter-targets.csv",
bwr_00000035,lower_forge_brewery,nj,2026-09-01,target,"http://www.lowerforge.com","newsletter-targets.csv",
bwr_00000036,marcellos_coal_fired_restaurant_and_pizza,nj,2026-09-23,target,"https://marcellosbordentown.com","newsletter-targets.csv",
bwr_00000037,spellbound_brewing,nj,2026-09-01,target,"http://www.spellboundbrewing.com","newsletter-targets.csv",
bwr_00000038,stratosphere_brewing_company,nj,2026-09-23,target,"https://stratospherebrewingcompany.com","newsletter-targets.csv",
bwr_00000039,subculture_artisan_ales,nj,2026-09-23,target,"https://subcultureartisanales.com","newsletter-targets.csv",
bwr_00000040,tindall_road_brewery,nj,2026-09-23,target,"https://www.tindallroadbrewery.com","newsletter-targets.csv",
bwr_00000041,village_idiot_brewing_company,nj,2026-09-01,target,"http://www.villageidiotbrewing.com","newsletter-targets.csv",
bwr_00000042,zeds_beer_bado_brewing,nj,2026-09-01,target,"http://drinkzeds.com","newsletter-targets.csv",
bwr_00000043,berlin_brewing_company,nj,2026-09-01,target,"http://www.berlinbrewco.com","newsletter-targets.csv",
bwr_00000044,double_nickel_brewing_company,nj,2026-09-01,target,"http://www.DNBCBEER.com","newsletter-targets.csv",
bwr_00000045,eclipse_brewing,nj,2026-09-01,target,"https://www.eclipsebrewingnj.com/","web search 2026-09-28 (brewery site result); nj-breweries-as-of-2026-09-01.csv lists only a Facebook page",
bwr_00000046,mechanical_brewery,nj,2026-09-23,target,"https://mechanicalbrewery.com","newsletter-targets.csv",
bwr_00000047,tanner_brewing_company,nj,2026-09-23,target,"https://tannerbrewingcompany.com","newsletter-targets.csv",
bwr_00000048,the_raccoon_taproom_swedesboro_brewing,nj,2026-09-23,target,"https://www.swedesborobrewing.com","newsletter-targets.csv",
bwr_00000049,whims_brewing,nj,2026-09-23,target,"https://www.whimsbrewing.com","newsletter-targets.csv",
bwr_00000050,anglesea_aleworks,nj,2026-09-23,target,"https://www.angleseaaleworks.com","newsletter-targets.csv",
bwr_00000051,avalon_brew_pub,nj,2026-09-23,target,"https://www.avalonbrewpub.com","newsletter-targets.csv",
bwr_00000052,behr_brewing,nj,2026-09-23,target,"https://www.behrbrewing.com","newsletter-targets.csv",
bwr_00000053,cape_may_brewing_company_rio_grande,nj,2026-09-01,target,"http://www.capemaybrewery.com","newsletter-targets.csv",
bwr_00000054,cold_spring_brewery,nj,2026-09-01,target,"http://www.hcsv.org","newsletter-targets.csv",
bwr_00000055,gusto_brewing_co,nj,2026-09-23,target,"https://gustobrewco.com/","nj-breweries-as-of-2026-09-01.csv",
bwr_00000056,meyers_lighthouse_brewing,nj,2026-09-23,target,"https://meyersbrewing.com/","nj-breweries-as-of-2026-09-01.csv (parent Meyers Brewing Co site)",
bwr_00000057,mudhen_brewing_company,nj,2026-09-01,target,"https://mudhenbrew.com/","nj-breweries-as-of-2026-09-01.csv",
bwr_00000058,obscura_brewing_co,nj,2026-09-23,target,"https://obscurabrewingco.com/","nj-breweries-as-of-2026-09-01.csv",
bwr_00000059,slack_tide_brewing_company,nj,2026-09-01,target,"http://www.slacktidebrewingco.com","newsletter-targets.csv",
bwr_00000060,whale_tale_brewing_company,nj,2026-09-23,target,"https://www.whaletalebrewing.com","newsletter-targets.csv",
bwr_00000061,glasstown_brewing,nj,2026-09-01,target,"http://www.glasstownbrewery.com","newsletter-targets.csv",
bwr_00000062,wander_back_beerworks,nj,2026-09-23,target,"https://wanderbackbeer.com/","nj-breweries-as-of-2026-09-01.csv",
bwr_00000063,cricket_hill_brewing_co_inc,nj,2026-09-01,target,"http://www.crickethillbrewery.com","newsletter-targets.csv",
bwr_00000064,gaslight_brewery_and_restaurant,nj,2026-09-01,target,"http://www.gaslightbrewery.com","newsletter-targets.csv",
bwr_00000065,montclair_brewery,nj,2026-09-23,target,"http://www.montclairbrewery.com","newsletter-targets.csv",
bwr_00000066,newark_local_beer,nj,2026-09-23,target,"https://newarklocalbeer.com/","nj-breweries-as-of-2026-09-01.csv",
bwr_00000067,pallet_brewing_company,nj,2026-09-23,target,"https://palletbrewing.com","newsletter-targets.csv",
bwr_00000068,soma_brewing,nj,2026-09-23,target,"https://somabrewing.com","newsletter-targets.csv",
bwr_00000069,varitage_brew_works,nj,2026-09-23,target,"https://www.varitagebeer.com","newsletter-targets.csv",
bwr_00000070,13th_child_brewing,nj,2026-09-23,target,"https://www.13thchildbrewery.com","newsletter-targets.csv",
bwr_00000071,axe_and_arrow_brewing,nj,2026-09-23,target,"https://axeandarrowbrewing.com","newsletter-targets.csv",
bwr_00000072,bonesaw_brewing_co,nj,2026-09-01,target,"http://www.bonesawbrewing.com","newsletter-targets.csv",
bwr_00000073,bonesaw_pilot_house,nj,2026-09-23,target,"https://www.bonesawbrewing.com","newsletter-targets.csv",
bwr_00000074,core3brewery,nj,2026-09-23,target,"https://core3brewery.com/","nj-breweries-as-of-2026-09-01.csv",
bwr_00000075,death_of_the_fox,nj,2026-09-01,target,"http://www.deathofthefoxbrewing.com","newsletter-targets.csv",
bwr_00000076,neck_of_the_woods_brewing,nj,2026-09-23,target,"https://neckofthewoodsbrewing.square.site","newsletter-targets.csv",
bwr_00000077,sons_of_barley_beer_co,nj,2026-09-23,target,"https://www.facebook.com/sonsofbarleybeer/","nj-breweries-as-of-2026-09-01.csv (social media page; no official site listed)",
bwr_00000078,swedesboro_brewing_company,nj,2026-09-23,target,"https://www.swedesborobrewing.com","newsletter-targets.csv",
bwr_00000079,westville_brewery,nj,2026-09-23,target,"https://www.westvillebrewery.com","newsletter-targets.csv",
bwr_00000080,902_brewing,nj,2026-09-23,target,"https://www.902brewing.com","newsletter-targets.csv",
bwr_00000081,departed_soles_brewing,nj,2026-09-01,target,"http://www.departedsoles.com","newsletter-targets.csv",
bwr_00000082,hoboken_brewing_company,nj,2026-09-23,target,"https://hobokenbrewing.beer","newsletter-targets.csv",
bwr_00000083,new_jersey_beer_co,nj,2026-09-01,target,"http://www.njbeerco.com","newsletter-targets.csv",
bwr_00000084,conclave_brewing,nj,2026-09-01,target,"http://www.conclavebrewing.com","newsletter-targets.csv",
bwr_00000085,descendants_brewing_company,nj,2026-09-01,target,"https://www.descendantsbrewing.com/","nj-breweries-as-of-2026-09-01.csv",
bwr_00000086,esker_hart_artisan_ales,nj,2026-09-23,target,"https://www.eskerhart.com","newsletter-targets.csv",
bwr_00000087,lone_eagle_brewing,nj,2026-09-01,target,"http://loneeaglebrewing.com","newsletter-targets.csv",
bwr_00000088,odd_bird_brewing,nj,2026-09-23,target,"https://www.oddbirdbrewing.com","newsletter-targets.csv",
bwr_00000089,opportunity_brewing_company,nj,2026-09-23,target,"https://opportunitybrewing.com","newsletter-targets.csv",
bwr_00000090,readington_brewery_and_hop_farm,nj,2026-09-23,target,"https://readingtonbrewery.com","newsletter-targets.csv",
bwr_00000091,sunken_silo_brew_works,nj,2026-09-23,target,"https://www.sunkensilo.com","newsletter-targets.csv",
bwr_00000092,wild_fern_brewing,nj,2026-09-23,target,"https://www.wildfernbrewing.com","newsletter-targets.csv",
bwr_00000093,bent_iron_brewing_company,nj,2026-09-23,target,"https://www.bentironbrewing.com","newsletter-targets.csv",
bwr_00000094,needle_creek_farm_brewery_company,nj,2026-09-23,target,"https://www.needlecreek.com","newsletter-targets.csv",
bwr_00000095,old_hights_brewing_company,nj,2026-09-23,target,"https://www.oldhightsbrewingcompany.com","newsletter-targets.csv",
bwr_00000096,river_horse_brewing_company,nj,2026-09-01,target,"http://www.riverhorse.com","newsletter-targets.csv",
bwr_00000097,the_druery,nj,2026-09-23,target,"https://www.thedruery.com","newsletter-targets.csv",
bwr_00000098,troon_brewing,nj,2026-09-01,target,"http://www.troonbrewing.com","newsletter-targets.csv",
bwr_00000099,cypress_brewing_company,nj,2026-09-01,target,"http://www.cypressbrewing.com","newsletter-targets.csv",
bwr_00000100,harvest_moon_brewery_cafe,nj,2026-09-01,target,"http://www.harvestmoonbrewery.com","newsletter-targets.csv",
bwr_00000101,the_hidden_brewery,nj,2026-09-23,target,"https://hiddenbrewerynj.com","newsletter-targets.csv",
bwr_00000102,alternate_ending_beer_co,nj,2026-09-23,target,"https://www.alternateendingbeerco.com","newsletter-targets.csv",
bwr_00000103,asbury_park_brewery,nj,2026-09-01,target,"http://www.asburyparkbrewery.com","newsletter-targets.csv",
bwr_00000104,bakes_brewing_company,nj,2026-09-23,target,"https://www.bakesbrewing.com","newsletter-targets.csv",
bwr_00000105,beach_haus_brewery,nj,2026-09-01,target,"http://Www.beachhausbeer.com","newsletter-targets.csv",
bwr_00000106,belford_brewing_company,nj,2026-09-01,target,"http://www.belfordbrewing.com","newsletter-targets.csv",
bwr_00000107,birdsmouth_beer,nj,2026-09-23,target,"https://www.birdsmouthbeer.com","newsletter-targets.csv",
bwr_00000108,carton_brewing_co,nj,2026-09-01,target,"http://www.cartonbrewing.com","newsletter-targets.csv",
bwr_00000109,erratic_fermentations,nj,2026-09-23,target,"https://erraticfermentations.myshopify.com","newsletter-targets.csv",
bwr_00000110,kane_brewing,nj,2026-09-01,target,"http://www.kanebrewing.com","newsletter-targets.csv",
bwr_00000111,little_dog_brewing_co,nj,2026-09-01,target,"http://Www.littledogbrewing.com","newsletter-targets.csv",
bwr_00000112,screamin_hill_brewery,nj,2026-09-01,target,"http://www.screaminhill.com","newsletter-targets.csv",
bwr_00000113,seven_sons_brewery,nj,2026-09-23,target,"https://www.sevensonsbrewing.com","newsletter-targets.csv",
bwr_00000114,skinny_flowers_brewing,nj,2026-09-23,target,"https://www.skinnyflowersbrewing.com","newsletter-targets.csv",
bwr_00000115,source_brewing_company,nj,2026-09-23,target,"http://www.sourcebrewing.com","newsletter-targets.csv",
bwr_00000116,tall_oaks_farm_brewery,nj,2026-09-23,target,"https://talloaksbrew.com","newsletter-targets.csv",
bwr_00000117,triumph_brewing_company,nj,2026-09-23,target,"https://www.triumphbrewing.com","newsletter-targets.csv",
bwr_00000118,twin_lights_brewing,nj,2026-09-23,target,"https://www.twinlightsbrewing.com","newsletter-targets.csv",
bwr_00000119,wild_air_beerworks,nj,2026-09-23,target,"https://www.wildairbeer.com","newsletter-targets.csv",
bwr_00000120,autodidact_beer,nj,2026-09-23,target,"https://www.autodidactbeer.com","newsletter-targets.csv",
bwr_00000121,chilton_mill_brewing,nj,2026-09-23,target,"https://www.chiltonmillbrewing.com","newsletter-targets.csv",
bwr_00000122,diamond_spring_brewing_company,nj,2026-09-23,target,"https://diamondspringbrewing.com","newsletter-targets.csv",
bwr_00000123,double_tap_brewing,nj,2026-09-23,target,"https://doubletapbeer.com","newsletter-targets.csv",
bwr_00000124,fort_nonsense,nj,2026-09-23,target,"https://www.fortnonsensebrewing.com","newsletter-targets.csv",
bwr_00000125,glenbrook_brewery,nj,2026-09-23,target,"https://glenbrookbrewery.com","newsletter-targets.csv",
bwr_00000126,high_point_brewing_co_inc,nj,2026-09-01,target,"http://www.ramsteinbeer.com","newsletter-targets.csv",
bwr_00000127,long_valley_pub_and_brewery,nj,2026-09-01,target,"https://longvalleybrewpub.com/","nj-breweries-as-of-2026-09-01.csv",
bwr_00000128,oakflower_brewing_company,nj,2026-09-23,target,"https://oakflowerbrewing.com/","nj-breweries-as-of-2026-09-01.csv",
bwr_00000129,the_rosecourt_brewery,nj,2026-09-23,target,"https://www.facebook.com/people/The-Rosecourt-Brewery/61559329028060/","nj-breweries-as-of-2026-09-01.csv (social media page; no official site listed)",
bwr_00000130,twin_elephant_brewing_company,nj,2026-09-01,target,"http://www.twinelephant.com","newsletter-targets.csv",
bwr_00000131,artisans_brewery_italian_grill,nj,2026-09-01,target,"http://www.artisanstomsriver.com","newsletter-targets.csv",
bwr_00000132,battle_river_brewing,nj,2026-09-23,target,"https://www.battleriverbrewing.com","newsletter-targets.csv",
bwr_00000133,bent_elbow_brewery,nj,2026-09-23,target,"https://bentelbowbrewery.com","newsletter-targets.csv",
bwr_00000134,booterbeer_brewing_company,nj,2026-09-23,target,"https://www.instagram.com/booterbeerbrewingco/","nj-breweries-as-of-2026-09-01.csv (social media page; no official site listed)",
bwr_00000135,heavy_reel_brewing,nj,2026-09-01,target,"http://www.heavyreelbrewingco.com","newsletter-targets.csv",
bwr_00000136,last_wave_brewing_co,nj,2026-09-01,target,"http://www.lastwavebrewing.com","newsletter-targets.csv",
bwr_00000137,leaning_fathers_brewing,nj,2026-09-23,target,"https://leaningfathersbrewing.com","newsletter-targets.csv",
bwr_00000138,lokal_brewing,nj,2026-09-23,target,"https://lokalbrewco.com","newsletter-targets.csv",
bwr_00000139,manafirkin,nj,2026-09-01,target,"https://manafirkin.com/","nj-breweries-as-of-2026-09-01.csv",
bwr_00000140,oyster_creek_brewing_company,nj,2026-09-23,target,"https://www.oystercreekbrewing.com","newsletter-targets.csv",
bwr_00000141,pinelands_brewing,nj,2026-09-01,target,"http://www.pinelandsbrewing.com","newsletter-targets.csv",
bwr_00000142,ship_bottom_brewery,nj,2026-09-01,target,"http://www.shipbottombrewery.com","newsletter-targets.csv",
bwr_00000143,ghost_hawk_brewing_co,nj,2026-09-23,target,"https://www.ghosthawkbrewing.com","newsletter-targets.csv",
bwr_00000144,seven_tribesmen_brewery,nj,2026-09-23,target,"https://www.seventribesmen.com","newsletter-targets.csv",
bwr_00000145,bullhide_brewery,nj,2026-09-23,target,"https://bullhidebrewery.com","newsletter-targets.csv",
bwr_00000146,farmers_and_bankers_brewing,nj,2026-09-23,target,"https://farmersandbankersbrewing.com","newsletter-targets.csv",
bwr_00000147,lost_elephant_brewing_company,nj,2026-09-23,target,"https://www.facebook.com/lostelephantbrewing/","nj-breweries-as-of-2026-09-01.csv (social media page; no official site listed)",
bwr_00000148,brooks_brewery_at_northside_lounge,nj,2026-09-23,target,"https://northsidelounge.com","newsletter-targets.csv",
bwr_00000149,flounder_brewing_co,nj,2026-09-01,target,"http://www.flounderbrewing.com","newsletter-targets.csv",
bwr_00000150,village_brewing_company,nj,2026-09-23,target,"https://www.villagebrewing.com","newsletter-targets.csv",
bwr_00000151,kroghs_restaurant_and_brewpub,nj,2026-09-01,target,"http://www.kroghs.com","newsletter-targets.csv",
bwr_00000152,twin_soles_brewing,nj,2026-09-23,target,"https://www.drinktwinsoles.com","newsletter-targets.csv",
bwr_00000153,vernon_brewing_formerly_alias_brew_works,nj,2026-09-23,target,"https://www.aliasbrewworks.com","newsletter-targets.csv",
bwr_00000154,bull_n_bear_brewery,nj,2026-09-23,target,"https://bullnbearbrewery.com","newsletter-targets.csv",
bwr_00000155,climax_brewing_co,nj,2026-09-01,target,"http://www.climaxbrewing.com","newsletter-targets.csv",
bwr_00000156,lions_roar_brewing,nj,2026-09-23,target,"https://www.lionsroarbrewing.com","newsletter-targets.csv",
bwr_00000157,trap_rock_restaurant_and_brewery,nj,2026-09-01,target,"http://www.traprockrestaurant.net","newsletter-targets.csv",
bwr_00000158,two_ton_brewing,nj,2026-09-01,target,"http://www.twotonbrewing.com","newsletter-targets.csv",
bwr_00000159,untied_brewing_company,nj,2026-09-23,target,"https://www.untiedbrewingco.com","newsletter-targets.csv",
bwr_00000160,wet_ticket_brewing,nj,2026-09-01,target,"http://www.wetticketbrewing.com","newsletter-targets.csv",
bwr_00000161,yale_terrace_brewing,nj,2026-09-23,target,"https://ytbrewery.com","newsletter-targets.csv",
bwr_00000162,buck_hill_brewery_and_restaurant,nj,2026-09-01,target,"http://www.buckhillbrewery.com","newsletter-targets.csv",
bwr_00000163,czig_meister_brewing_co,nj,2026-09-01,target,"http://www.CzigMeisterBrewing.com","newsletter-targets.csv",
bwr_00000164,jersey_girl_brewing_company,nj,2026-09-01,target,"http://www.jerseygirlbrewing.com","newsletter-targets.csv",
bwr_00000165,man_skirt_brewing,nj,2026-09-01,target,"http://www.manskirtbrewing.com","newsletter-targets.csv",
bwr_00000166,blue_earl_brewing_company,border,,target,"http://www.blueearlbrewing.com","newsletter-targets.csv",
bwr_00000167,brick_works_brewing_and_eats,border,,target,"http://www.brickworksde.com","newsletter-targets.csv",
bwr_00000168,argilla_brewing_co_pietros_pizza,border,,target,"http://www.argillabrewing.com","newsletter-targets.csv",
bwr_00000169,bellefonte_brewing_co,border,,target,"http://www.bellefontebrewingco.com","newsletter-targets.csv",
bwr_00000170,dew_point_brewing,border,,target,"http://www.dewpointbrewing.com","newsletter-targets.csv",
bwr_00000171,midnight_oil_brewing,border,,target,"http://www.midnightoilbrewing.com","newsletter-targets.csv, duplicate row 'Midnight Oil Brewing Company'",
bwr_00000172,midnight_oil_brewing_company,border,,target,"http://www.midnightoilbrewing.com","newsletter-targets.csv",
bwr_00000173,pizza_by_elizabeths,border,,target,"http://www.pizzabyelizabeths.com","newsletter-targets.csv",
bwr_00000174,stewarts_brewing_co,border,,target,"http://www.stewartsbrewingcompany.com","newsletter-targets.csv",
bwr_00000175,stitch_house_brewery,border,,target,"http://www.stitchhousebrewery.com","newsletter-targets.csv",
bwr_00000176,twin_lakes_brewing_co,border,,target,"http://www.twinlakesbrewingcompany.com","newsletter-targets.csv",
bwr_00000177,volunteer_brewing_company,border,,target,"http://www.VolunteerBrewing.com","newsletter-targets.csv",
bwr_00000178,roscoe_brewing_company,border,,target,"http://www.roscoebeercompany.com","newsletter-targets.csv",
bwr_00000179,clemson_bros_brewery,border,,target,"http://www.clemsonbrewing.com","newsletter-targets.csv",
bwr_00000180,equilibrium_brewery,border,,target,"http://www.eqbrew.com","newsletter-targets.csv",
bwr_00000181,fox_n_hare_brewing_company,border,,target,"http://www.foxnhare-brewing.com","newsletter-targets.csv",
bwr_00000182,glenmere_brewing_co_inc,border,,target,"http://www.glenmerebrewingco.com","newsletter-targets.csv",
bwr_00000183,long_lot_farm_brewery,border,,target,"http://www.longlotfarmbrewery.com","newsletter-targets.csv",
bwr_00000184,newburgh_brewing_company,border,,target,"http://www.newburghbrewing.com","newsletter-targets.csv",
bwr_00000185,pine_island_brewing,border,,target,"http://www.pineislandbeer.com","newsletter-targets.csv",
bwr_00000186,rushing_duck_brewing_co,border,,target,"http://www.rushingduck.com","newsletter-targets.csv",
bwr_00000187,westtown_brew_works,border,,target,"http://www.westtownbrewworks.com","newsletter-targets.csv",
bwr_00000188,andean_brewing,border,,target,,"not found: none in newsletter-targets.csv, nj-breweries-as-of-2026-09-01.csv, or Open Brewery DB (commit 917691a, 2026-08-29); web search limit reached",
bwr_00000189,defiant_brewing_co,border,,target,"http://www.defiantbrewing.com","newsletter-targets.csv",
bwr_00000190,district_96_beer_factory,border,,target,"http://www.district96beer.com","newsletter-targets.csv",
bwr_00000191,gentle_giant_brewing_company,border,,target,"http://gentlegiantbrewing.com/","newsletter-targets.csv",
bwr_00000192,industrial_arts_brewing_co,border,,target,"http://www.industrialartsbrewing.com","newsletter-targets.csv",
bwr_00000193,catskill_brewery,border,,target,"http://www.catskillbrewery.com","newsletter-targets.csv",
bwr_00000194,shrewd_fox_brewery,border,,target,"http://www.shrewdfoxbrewery.com","newsletter-targets.csv",
bwr_00000195,broken_goblet_brewing,border,,target,"http://www.brokengoblet.com","newsletter-targets.csv",
bwr_00000196,bucks_county_brewery,border,,target,"http://www.buckscountybrewery.com","newsletter-targets.csv",
bwr_00000197,free_will_brewing_company,border,,target,"http://www.freewillbrewing.com","newsletter-targets.csv",
bwr_00000198,great_barn_brewery,border,,target,"http://www.greatbarnbrewery.com","newsletter-targets.csv",
bwr_00000199,mad_princes_brewing,border,,target,,"not found: none in newsletter-targets.csv, nj-breweries-as-of-2026-09-01.csv, or Open Brewery DB (commit 917691a, 2026-08-29); web search limit reached",
bwr_00000200,neshaminy_creek_brewing_co,border,,target,"http://www.neshaminycreekbrewing.com","newsletter-targets.csv",
bwr_00000201,the_proper_brewing_company,border,,target,"http://www.theproperbrewing.com","newsletter-targets.csv",
bwr_00000202,towerhill_brewery,border,,target,"http://www.towerhillbrewery.com","newsletter-targets.csv",
bwr_00000203,vault_brewing_co,border,,target,"http://www.vaultbrewing.com","newsletter-targets.csv",
bwr_00000204,taylor_house_brewing_co,border,,target,"http://www.taylorhousebrewing.com","newsletter-targets.csv",
bwr_00000205,barley_creek_brewing_co,border,,target,"http://www.barleycreek.com","newsletter-targets.csv",
bwr_00000206,pocono_brewery_company,border,,target,,"not found: none in newsletter-targets.csv, nj-breweries-as-of-2026-09-01.csv, or Open Brewery DB (commit 917691a, 2026-08-29); web search limit reached",
bwr_00000207,shawnee_craft_brewery,border,,target,,"not found: none in newsletter-targets.csv, nj-breweries-as-of-2026-09-01.csv, or Open Brewery DB (commit 917691a, 2026-08-29); web search limit reached",
bwr_00000208,crooked_eye_brewery,border,,target,"http://crookedeyebrewery.com","newsletter-targets.csv",
bwr_00000209,imprint_beer_company,border,,target,"http://www.imprintbeer.com","newsletter-targets.csv",
bwr_00000210,moss_mill_brewing,border,,target,"http://www.mossmillbrewing.com","newsletter-targets.csv",
bwr_00000211,naked_brewing_co,border,,target,"http://www.nakedbrewingcompany.com","newsletter-targets.csv",
bwr_00000212,perkiomen_valley_brewery,border,,target,"http://www.perkiomenvalleybrewery.com","newsletter-targets.csv",
bwr_00000213,bangor_trust_brewing,border,,target,"http://bangortrustbrewing.com","newsletter-targets.csv",
bwr_00000214,birthright_brewing_co,border,,target,"http://www.birthrightbrewingco.com","newsletter-targets.csv",
bwr_00000215,bonn_place_brewing,border,,target,"http://www.bonnbrewing.com","newsletter-targets.csv",
bwr_00000216,cave_brewing_co,border,,target,"http://www.cavebrewing.com","newsletter-targets.csv",
bwr_00000217,hop_hill_brewing_company,border,,target,"http://www.hophillbeer.com","newsletter-targets.csv",
bwr_00000218,lost_tavern_brewing,border,,target,"http://www.losttavernbrewing.com","newsletter-targets.csv",
bwr_00000219,the_brewery_b_ser_geist_brewing_co_llc,border,,target,,"not found: none in newsletter-targets.csv, nj-breweries-as-of-2026-09-01.csv, or Open Brewery DB (commit 917691a, 2026-08-29); web search limit reached",
bwr_00000220,two_rivers_brewing_co,border,,target,"http://www.tworiversbrewing.com","newsletter-targets.csv",
bwr_00000221,weyerbacher_brewing_co,border,,target,"http://www.weyerbacher.com","newsletter-targets.csv",
bwr_00000222,wallenpaupack_brewing_company,border,,target,"http://www.wallenpaupackbrewingco.com","newsletter-targets.csv",
bwr_00000223,jam_room_brewing_co,border,,target,"http://www.jamroombrewing.net","newsletter-targets.csv",
