name,city,county,state,website,cohort,"brewery_type","postal_code","county_alternates","county_note","research_note",revision,"date_added"
"Garden State Beer Company",Galloway,"Atlantic County","New Jersey","http://www.gardenstatebeerco.com",nj,micro,08205-9563,,,,0,2026-09-01
"Hidden Sands Brewing Company","Egg Harbor Township","Atlantic County","New Jersey","http://hiddensands.com",nj,micro,08234-3807,,,,0,2026-09-01
"Snouts and Stouts",Hammonton,"Atlantic County","New Jersey","https://snoutsandstoutsbrewing.com",nj,,,,,"added from NJCB directory (newjerseycraftbeer.com/new-jersey-breweries/, page updated 2026-08-17)",0,2026-09-23
"Somers Point Brewing Company","Somers Point","Atlantic County","New Jersey","https://somerspointbrewing.com",nj,,,,,"added from NJCB directory (newjerseycraftbeer.com/new-jersey-breweries/, page updated 2026-08-17)",0,2026-09-23
"The Buena Connection Brewing Company",Buena,"Atlantic County","New Jersey","https://buenaconnectionbrewing.com",nj,,,,,"added from NJCB directory (newjerseycraftbeer.com/new-jersey-breweries/, page updated 2026-08-17)",0,2026-09-23
"The Seed: a living beer project","Atlantic City","Atlantic County","New Jersey","https://theseedbeer.com",nj,,,,,"added from NJCB directory (newjerseycraftbeer.com/new-jersey-breweries/, page updated 2026-08-17)",0,2026-09-23
"Three 3's Brewery",Hammonton,"Atlantic County","New Jersey","http://www.three3sbrewing.com",nj,micro,08037-1559,"Camden County",,,0,2026-09-01
"Tun Tavern Brewery and Restaurant","Atlantic City","Atlantic County","New Jersey","http://www.tuntavern.com",nj,brewpub,08401-4137,,,,0,2026-09-01
"Asturia Brewing",Hackensack,"Bergen County","New Jersey","https://www.asturiabrewingco.com",nj,,,,,"added from NJCB directory (newjerseycraftbeer.com/new-jersey-breweries/, page updated 2026-08-17)",0,2026-09-23
"Bolero Snort Brewery",Carlstadt,"Bergen County","New Jersey","http://www.bolerosnort.com",nj,,,,,"added from NJCB directory (newjerseycraftbeer.com/new-jersey-breweries/, page updated 2026-08-17)",0,2026-09-23
"Brix City Brewing","Little Ferry","Bergen County","New Jersey","http://www.brixcitybrewing.com",nj,micro,07643-1001,,,,0,2026-09-01
"Five Dimes Brewery",Westwood,"Bergen County","New Jersey","https://www.fivedimesbrewery.com",nj,,,,,"added from NJCB directory (newjerseycraftbeer.com/new-jersey-breweries/, page updated 2026-08-17)",0,2026-09-23
"Gearblock Brewing Company",Waldwick,"Bergen County","New Jersey","https://www.gearblockbrewing.com",nj,,,,,"added from NJCB directory (newjerseycraftbeer.com/new-jersey-breweries/, page updated 2026-08-17)",0,2026-09-23
"Hackensack Brewing",Hackensack,"Bergen County","New Jersey","https://www.hackensackbrewing.com",nj,,,,,"added from NJCB directory (newjerseycraftbeer.com/new-jersey-breweries/, page updated 2026-08-17)",0,2026-09-23
"Abyssal Brewing",Bordentown,"Burlington County","New Jersey",,nj,,,,,"added from NJCB directory (newjerseycraftbeer.com/new-jersey-breweries/, page updated 2026-08-17)",0,2026-09-23
"Bout The Hops Brewing","Mount Laurel","Burlington County","New Jersey","https://boutthehops.com",nj,,,,,"added from NJCB directory (newjerseycraftbeer.com/new-jersey-breweries/, page updated 2026-08-17)",0,2026-09-23
"Brewery Thirty-Three",Riverton,"Burlington County","New Jersey","https://craftbrewery33.com",nj,,,,,"added from NJCB directory (newjerseycraftbeer.com/new-jersey-breweries/, page updated 2026-08-17)",0,2026-09-23
"Cross Keys Brewing Co","Mount Laurel","Burlington County","New Jersey","http://www.ckbcbeer.com",nj,micro,,,,"relocation; supersedes Williamstown line. relocated from Williamstown; move date not found; NJCB lists Mount Laurel, Yelp shows 2000 Crawford Pl",1,2026-09-23
"Dr. Brewlittle's Beer","Maple Shade","Burlington County","New Jersey","https://drbrewlittlesbeer.com",nj,,,,,"added from NJCB directory (newjerseycraftbeer.com/new-jersey-breweries/, page updated 2026-08-17)",0,2026-09-23
"Farm Truck Brewing",Medford,"Burlington County","New Jersey","https://farmtruckbrewing.com",nj,,,,,"added from NJCB directory (newjerseycraftbeer.com/new-jersey-breweries/, page updated 2026-08-17)",0,2026-09-23
"King's Road Brewing Company",Medford,"Burlington County","New Jersey","https://kingsroadbrewing.com",nj,,,,,"added from NJCB directory (newjerseycraftbeer.com/new-jersey-breweries/, page updated 2026-08-17)",0,2026-09-23
"Lower Forge Brewery",Medford,"Burlington County","New Jersey","http://www.lowerforge.com",nj,micro,08055-2414,,,,0,2026-09-01
"Magnify Brewing Company",Medford,"Burlington County","New Jersey","http://www.magnifybrewing.com",nj,,,,,"added from NJCB directory (newjerseycraftbeer.com/new-jersey-breweries/, page updated 2026-08-17)",0,2026-09-23
"Marcello's Coal Fired Restaurant and Pizza",Bordentown,"Burlington County","New Jersey","https://marcellosbordentown.com",nj,brewpub,,,,"added from NJCB directory (newjerseycraftbeer.com/new-jersey-breweries/, page updated 2026-08-17)",0,2026-09-23
"Raccoon Pubhaus (formerly Third State)",Burlington,"Burlington County","New Jersey","https://www.swedesborobrewing.com",nj,micro,,,,"rename of Third State Brewing at the same Burlington site, after acquisition by Swedesboro Brewing; rename date not found",1,2026-09-23
"Spellbound Brewing","Mount Holly","Burlington County","New Jersey","http://www.spellboundbrewing.com",nj,micro,08060-1603,,,,0,2026-09-01
"Stratosphere Brewing Company","Mount Holly","Burlington County","New Jersey","https://stratospherebrewingcompany.com",nj,,,,,"added from NJCB directory (newjerseycraftbeer.com/new-jersey-breweries/, page updated 2026-08-17)",0,2026-09-23
"Subculture Artisan Ales",Florence,"Burlington County","New Jersey","https://subcultureartisanales.com",nj,,,,,"added from NJCB directory (newjerseycraftbeer.com/new-jersey-breweries/, page updated 2026-08-17)",0,2026-09-23
"Tindall Road Brewery",Bordentown,"Burlington County","New Jersey","https://www.tindallroadbrewery.com",nj,,,,,"added from NJCB directory (newjerseycraftbeer.com/new-jersey-breweries/, page updated 2026-08-17)",0,2026-09-23
"Village Idiot Brewing Company","Mount Holly","Burlington County","New Jersey","http://www.villageidiotbrewing.com",nj,micro,08060-1702,,,,0,2026-09-01
"Zed's Beer/Bado Brewing",Marlton,"Burlington County","New Jersey","http://drinkzeds.com",nj,micro,08053-3007,,,,0,2026-09-01
"Berlin Brewing Company",Berlin,"Camden County","New Jersey","http://www.berlinbrewco.com",nj,micro,08009-1902,,,,0,2026-09-01
"Brotherton Brewing Company",Atco,"Camden County","New Jersey","http://www.brothertonbrewing.com",nj,micro,,,,"relocation; supersedes Shamong line. relocated from Shamong 2020-09; closed spring 2025; reopened 2026-06-27 under new owners (Brewbound/Patch/Brewer Magazine)",1,2026-09-23
"Double Nickel Brewing Company",Pennsauken,"Camden County","New Jersey","http://www.DNBCBEER.com",nj,micro,08110-1330,,,,0,2026-09-01
"Eclipse Brewing",Merchantville,"Camden County","New Jersey",,nj,micro,08109-2607,,,,0,2026-09-01
"King's Road Brewing Company",Haddonfield,"Camden County","New Jersey","https://kingsroadbrewing.com",nj,,,,,"added from NJCB directory (newjerseycraftbeer.com/new-jersey-breweries/, page updated 2026-08-17)",0,2026-09-23
"Mechanical Brewery","Cherry Hill","Camden County","New Jersey","https://mechanicalbrewery.com",nj,,,,,"added from NJCB directory (newjerseycraftbeer.com/new-jersey-breweries/, page updated 2026-08-17)",0,2026-09-23
"Tanner Brewing Company","Haddon Heights","Camden County","New Jersey","https://tannerbrewingcompany.com",nj,,,,,"added from NJCB directory (newjerseycraftbeer.com/new-jersey-breweries/, page updated 2026-08-17)",0,2026-09-23
"The Raccoon Taproom (Swedesboro Brewing)",Collingswood,"Camden County","New Jersey","https://www.swedesborobrewing.com",nj,,,,,"added from NJCB directory (newjerseycraftbeer.com/new-jersey-breweries/, page updated 2026-08-17)",0,2026-09-23
"Tonewood Brewing",Oaklyn,"Camden County","New Jersey","http://www.tonewoodbrewing.com",nj,micro,08107-1500,,,,0,2026-09-01
"Tonewood Brewing - Barrington",Barrington,"Camden County","New Jersey","https://www.tonewoodbrewing.com",nj,,,,,"added from NJCB directory (newjerseycraftbeer.com/new-jersey-breweries/, page updated 2026-08-17)",0,2026-09-23
"Whims Brewing",Atco,"Camden County","New Jersey","https://www.whimsbrewing.com",nj,,,,,"added from NJCB directory (newjerseycraftbeer.com/new-jersey-breweries/, page updated 2026-08-17)",0,2026-09-23
"Anglesea Aleworks",Wildwood,"Cape May County","New Jersey","https://www.angleseaaleworks.com",nj,,,,,"added from NJCB directory (newjerseycraftbeer.com/new-jersey-breweries/, page updated 2026-08-17)",0,2026-09-23
"Avalon Brew Pub",Avalon,"Cape May County","New Jersey","https://www.avalonbrewpub.com",nj,brewpub,,,,"added from NJCB directory (newjerseycraftbeer.com/new-jersey-breweries/, page updated 2026-08-17)",0,2026-09-23
"Behr Brewing","Cape May","Cape May County","New Jersey","https://www.behrbrewing.com",nj,,,,,"added from NJCB directory (newjerseycraftbeer.com/new-jersey-breweries/, page updated 2026-08-17); name corrected to the brewery's own",0,2026-09-23
"Cape May Brewing Company - Rio Grande","Rio Grande","Cape May County","New Jersey","http://www.capemaybrewery.com",nj,micro,08242-2210,,,,0,2026-09-01
"Cold Spring Brewery","Cape May","Cape May County","New Jersey","http://www.hcsv.org",nj,micro,08204-4634,,,,0,2026-09-01
"Gusto Brewing Co","North Cape May","Cape May County","New Jersey",,nj,,,,,"added from NJCB directory (newjerseycraftbeer.com/new-jersey-breweries/, page updated 2026-08-17)",0,2026-09-23
"Ludlam Island Brewery",Woodbine,"Cape May County","New Jersey","http://ludlamisland.com",nj,micro,,,,"relocation; supersedes Ocean View line. relocated from Ocean View, opened Woodbine 2024",1,2026-09-23
"Meyers Lighthouse Brewing","Ocean View","Cape May County","New Jersey",,nj,,,,,"added from NJCB directory (newjerseycraftbeer.com/new-jersey-breweries/, page updated 2026-08-17)",0,2026-09-23
"Mudhen Brewing Company",Wildwood,"Cape May County","New Jersey",,nj,brewpub,08260,,,,0,2026-09-01
"Obscura Brewing Co.","Cape May Court House","Cape May County","New Jersey",,nj,micro,,,,"successor to Bucket Brigade Brewery (closed 2025-01-26), same site, rebranded by owner's son; website not found",1,2026-09-23
"Slack Tide Brewing Company","Cape May Court House","Cape May County","New Jersey","http://www.slacktidebrewingco.com",nj,micro,08210-1200,,,,0,2026-09-01
"Whale Tale Brewing Company","Cape May Court House","Cape May County","New Jersey","https://www.whaletalebrewing.com",nj,,,,,"added from NJCB directory (newjerseycraftbeer.com/new-jersey-breweries/, page updated 2026-08-17)",0,2026-09-23
"Glasstown Brewing",Millville,"Cumberland County","New Jersey","http://www.glasstownbrewery.com",nj,micro,08332-4818,,,,0,2026-09-01
"Wander Back Beerworks",Vineland,"Cumberland County","New Jersey",,nj,,,,,"added from NJCB directory (newjerseycraftbeer.com/new-jersey-breweries/, page updated 2026-08-17)",0,2026-09-23
"Cricket Hill Brewing Co. Inc.",Fairfield,"Essex County","New Jersey","http://www.crickethillbrewery.com",nj,micro,07004-3308,,,,0,2026-09-01
"Gaslight Brewery and Restaurant","South Orange","Essex County","New Jersey","http://www.gaslightbrewery.com",nj,brewpub,07079-1716,,,,0,2026-09-01
"Magnify Brewing Company",Fairfield,"Essex County","New Jersey","http://www.magnifybrewing.com",nj,micro,07004-2736,,,,0,2026-09-01
"Montclair Brewery",Montclair,"Essex County","New Jersey","http://www.montclairbrewery.com",nj,,,,,"added from NJCB directory (newjerseycraftbeer.com/new-jersey-breweries/, page updated 2026-08-17)",0,2026-09-23
"Newark Local Beer",Newark,"Essex County","New Jersey",,nj,,,,,"added from NJCB directory (newjerseycraftbeer.com/new-jersey-breweries/, page updated 2026-08-17)",0,2026-09-23
"Pallet Brewing Company",Maplewood,"Essex County","New Jersey","https://palletbrewing.com",nj,,,,,"added from NJCB directory (newjerseycraftbeer.com/new-jersey-breweries/, page updated 2026-08-17)",0,2026-09-23
"SOMA Brewing",Maplewood,"Essex County","New Jersey","https://somabrewing.com",nj,,,,,"added from NJCB directory (newjerseycraftbeer.com/new-jersey-breweries/, page updated 2026-08-17)",0,2026-09-23
"Varitage Brew Works",Bloomfield,"Essex County","New Jersey","https://www.varitagebeer.com",nj,,,,,"added from NJCB directory (newjerseycraftbeer.com/new-jersey-breweries/, page updated 2026-08-17)",0,2026-09-23
"13th Child Brewing",Williamstown,"Gloucester County","New Jersey","https://www.13thchildbrewery.com",nj,,,,,"added from NJCB directory (newjerseycraftbeer.com/new-jersey-breweries/, page updated 2026-08-17)",0,2026-09-23
"Axe and Arrow Brewing",Glassboro,"Gloucester County","New Jersey","https://axeandarrowbrewing.com",nj,,,,,"added from NJCB directory (newjerseycraftbeer.com/new-jersey-breweries/, page updated 2026-08-17)",0,2026-09-23
"Bonesaw Brewing Co.",Glassboro,"Gloucester County","New Jersey","http://www.bonesawbrewing.com",nj,micro,08028,,,,0,2026-09-01
"Bonesaw Pilot House",Deptford,"Gloucester County","New Jersey","https://www.bonesawbrewing.com",nj,,,,,"added from NJCB directory (newjerseycraftbeer.com/new-jersey-breweries/, page updated 2026-08-17)",0,2026-09-23
Core3Brewery,Clayton,"Gloucester County","New Jersey",,nj,,,,,"added from NJCB directory (newjerseycraftbeer.com/new-jersey-breweries/, page updated 2026-08-17)",0,2026-09-23
"Death Of The Fox",Clarksboro,"Gloucester County","New Jersey","http://www.deathofthefoxbrewing.com",nj,micro,08020-1161,,,,0,2026-09-01
"Neck Of The Woods Brewing",Pitman,"Gloucester County","New Jersey","https://neckofthewoodsbrewing.square.site",nj,,,,,"added from NJCB directory (newjerseycraftbeer.com/new-jersey-breweries/, page updated 2026-08-17)",0,2026-09-23
"Sons of Barley Beer Co","Woodbury Heights","Gloucester County","New Jersey",,nj,,,,,"added from NJCB directory (newjerseycraftbeer.com/new-jersey-breweries/, page updated 2026-08-17)",0,2026-09-23
"Swedesboro Brewing Company",Swedesboro,"Gloucester County","New Jersey","https://www.swedesborobrewing.com",nj,,,,,"added from NJCB directory (newjerseycraftbeer.com/new-jersey-breweries/, page updated 2026-08-17)",0,2026-09-23
"Westville Brewery",Westville,"Gloucester County","New Jersey","https://www.westvillebrewery.com",nj,,,,,"added from NJCB directory (newjerseycraftbeer.com/new-jersey-breweries/, page updated 2026-08-17)",0,2026-09-23
"902 Brewing","Jersey City","Hudson County","New Jersey","https://www.902brewing.com",nj,,,,,"added from NJCB directory (newjerseycraftbeer.com/new-jersey-breweries/, page updated 2026-08-17)",0,2026-09-23
"Departed Soles Brewing","Jersey City","Hudson County","New Jersey","http://www.departedsoles.com",nj,micro,07302-2900,,,,0,2026-09-01
"Hoboken Brewing Company",Hoboken,"Hudson County","New Jersey","https://hobokenbrewing.beer",nj,,,,,"added from NJCB directory (newjerseycraftbeer.com/new-jersey-breweries/, page updated 2026-08-17)",0,2026-09-23
"New Jersey Beer Co","North Bergen","Hudson County","New Jersey","http://www.njbeerco.com",nj,micro,07047-2430,,,,0,2026-09-01
"Conclave Brewing",Flemington,"Hunterdon County","New Jersey","http://www.conclavebrewing.com",nj,micro,08822-5750,,,"NJCB lists Raritan Township; same Minneakoning Rd trade center as the Flemington address",0,2026-09-01
"Descendants Brewing Company",Milford,"Hunterdon County","New Jersey",,nj,brewpub,08848-1264,,,"NJCB still lists this Milford brewpub under its former name, The Ship Inn Restaurant & Brewery",0,2026-09-01
"Esker Hart Artisan Ales","High Bridge","Hunterdon County","New Jersey","https://www.eskerhart.com",nj,,,,,"added from NJCB directory (newjerseycraftbeer.com/new-jersey-breweries/, page updated 2026-08-17); directory spells it 'Eskar Hart', brewery's own spelling is 'Esker Hart'",0,2026-09-23
"Invertase Brewing - Lambertville",Lambertville,"Hunterdon County","New Jersey","https://invertasebrewing.com",nj,,,,,"added from NJCB directory (newjerseycraftbeer.com/new-jersey-breweries/, page updated 2026-08-17)",0,2026-09-23
"Lone Eagle Brewing",Flemington,"Hunterdon County","New Jersey","http://loneeaglebrewing.com",nj,brewpub,08822-1581,,,,0,2026-09-01
"Odd Bird Brewing",Stockton,"Hunterdon County","New Jersey","https://www.oddbirdbrewing.com",nj,,,,,"added from NJCB directory (newjerseycraftbeer.com/new-jersey-breweries/, page updated 2026-08-17)",0,2026-09-23
"Opportunity Brewing Company",Flemington,"Hunterdon County","New Jersey","https://opportunitybrewing.com",nj,,,,,"added from NJCB directory (newjerseycraftbeer.com/new-jersey-breweries/, page updated 2026-08-17); production brewery with no tasting room",0,2026-09-23
"Readington Brewery and Hop Farm",Readington,"Hunterdon County","New Jersey","https://readingtonbrewery.com",nj,,,,,"added from NJCB directory (newjerseycraftbeer.com/new-jersey-breweries/, page updated 2026-08-17); postal town is Neshanic Station",0,2026-09-23
"Sunken Silo Brew Works",Lebanon,"Hunterdon County","New Jersey","https://www.sunkensilo.com",nj,,,,,"added from NJCB directory (newjerseycraftbeer.com/new-jersey-breweries/, page updated 2026-08-17)",0,2026-09-23
"Wild Fern Brewing",Frenchtown,"Hunterdon County","New Jersey","https://www.wildfernbrewing.com",nj,,,,,"added from NJCB directory (newjerseycraftbeer.com/new-jersey-breweries/, page updated 2026-08-17)",0,2026-09-23
"Bent Iron Brewing Company",Hamilton,"Mercer County","New Jersey","https://www.bentironbrewing.com",nj,,,,,"added from NJCB directory (newjerseycraftbeer.com/new-jersey-breweries/, page updated 2026-08-17)",0,2026-09-23
"Needle Creek Farm Brewery Company",Pennington,"Mercer County","New Jersey","https://www.needlecreek.com",nj,,,,,"added from NJCB directory (newjerseycraftbeer.com/new-jersey-breweries/, page updated 2026-08-17)",0,2026-09-23
"Old Hights Brewing Company",Hightstown,"Mercer County","New Jersey","https://www.oldhightsbrewingcompany.com",nj,,,,,"added from NJCB directory (newjerseycraftbeer.com/new-jersey-breweries/, page updated 2026-08-17)",0,2026-09-23
"River Horse Brewing Company",Ewing,"Mercer County","New Jersey","http://www.riverhorse.com",nj,micro,08628-1546,,,,0,2026-09-01
"The Druery",Lawrenceville,"Mercer County","New Jersey","https://www.thedruery.com",nj,,,,,"added from NJCB directory (newjerseycraftbeer.com/new-jersey-breweries/, page updated 2026-08-17)",0,2026-09-23
"Triumph Brewing Co of Princeton",Princeton,"Mercer County","New Jersey","http://www.triumphbrew.com",nj,brewpub,08542-7011,,,,0,2026-09-01
"Troon Brewing",Hopewell,"Mercer County","New Jersey","http://www.troonbrewing.com",nj,micro,08525-3111,"Hunterdon County; Somerset County",,,0,2026-09-01
"Cypress Brewing Company",Edison,"Middlesex County","New Jersey","http://www.cypressbrewing.com",nj,micro,08837-3844,,,"UNRESOLVED: NJCB lists it closed June 2026; a second source (Yelp, Aug 2026) does not mark it closed; kept pending confirmation",0,2026-09-01
"Harvest Moon Brewery/Cafe","New Brunswick","Middlesex County","New Jersey","http://www.harvestmoonbrewery.com",nj,brewpub,08901-2018,,,,0,2026-09-01
"The Hidden Brewery",Middlesex,"Middlesex County","New Jersey","https://hiddenbrewerynj.com",nj,,,,,"added from NJCB directory (newjerseycraftbeer.com/new-jersey-breweries/, page updated 2026-08-17); opened in the former Ashton Brewing space",0,2026-09-23
"Alternate Ending Beer Co",Aberdeen,"Monmouth County","New Jersey","https://www.alternateendingbeerco.com",nj,brewpub,,,,"added from NJCB directory (newjerseycraftbeer.com/new-jersey-breweries/, page updated 2026-08-17)",0,2026-09-23
"Asbury Park Brewery","Asbury Park","Monmouth County","New Jersey","http://www.asburyparkbrewery.com",nj,micro,07712-6527,,,,0,2026-09-01
"Bakes Brewing Company",Wall,"Monmouth County","New Jersey","https://www.bakesbrewing.com",nj,,,,,"added from NJCB directory (newjerseycraftbeer.com/new-jersey-breweries/, page updated 2026-08-17); name corrected to the brewery's own",0,2026-09-23
"Beach Haus Brewery",Belmar,"Monmouth County","New Jersey","http://Www.beachhausbeer.com",nj,micro,07719-2705,,,,0,2026-09-01
"Belford Brewing Company",Belford,"Monmouth County","New Jersey","http://www.belfordbrewing.com",nj,micro,07718-1144,,,,0,2026-09-01
"Birdsmouth Beer",Oceanport,"Monmouth County","New Jersey","https://www.birdsmouthbeer.com",nj,,,,,"added from NJCB directory (newjerseycraftbeer.com/new-jersey-breweries/, page updated 2026-08-17)",0,2026-09-23
"Carton Brewing Co","Atlantic Highlands","Monmouth County","New Jersey","http://www.cartonbrewing.com",nj,micro,07716-1230,,,,0,2026-09-01
"Erratic Fermentations","Bradley Beach","Monmouth County","New Jersey","https://erraticfermentations.myshopify.com",nj,,,,,"added from NJCB directory (newjerseycraftbeer.com/new-jersey-breweries/, page updated 2026-08-17)",0,2026-09-23
"Five Dimes Brewery - Red Bank","Red Bank","Monmouth County","New Jersey","https://www.fivedimesbrewery.com",nj,,,,,"added from NJCB directory (newjerseycraftbeer.com/new-jersey-breweries/, page updated 2026-08-17)",0,2026-09-23
"Kane Brewing",Ocean,"Monmouth County","New Jersey","http://www.kanebrewing.com",nj,micro,07712-3941,,,,0,2026-09-01
"Little Dog Brewing Co.","Neptune City","Monmouth County","New Jersey","http://Www.littledogbrewing.com",nj,micro,07753-6500,,,,0,2026-09-01
"Screamin Hill Brewery","Cream Ridge","Monmouth County","New Jersey","http://www.screaminhill.com",nj,micro,08514-1617,"Ocean County",,,0,2026-09-01
"Seven Sons Brewery",Howell,"Monmouth County","New Jersey","https://www.sevensonsbrewing.com",nj,,,,,"added from NJCB directory (newjerseycraftbeer.com/new-jersey-breweries/, page updated 2026-08-17)",0,2026-09-23
"Skinny Flowers Brewing",Oceanport,"Monmouth County","New Jersey","https://www.skinnyflowersbrewing.com",nj,,,,,"added from NJCB directory (newjerseycraftbeer.com/new-jersey-breweries/, page updated 2026-08-17)",0,2026-09-23
"Source Brewing Company","Colts Neck","Monmouth County","New Jersey","http://www.sourcebrewing.com",nj,,,,,"added from NJCB directory (newjerseycraftbeer.com/new-jersey-breweries/, page updated 2026-08-17)",0,2026-09-23
"Tall Oaks Farm + Brewery",Farmingdale,"Monmouth County","New Jersey","https://talloaksbrew.com",nj,,,,,"added from NJCB directory (newjerseycraftbeer.com/new-jersey-breweries/, page updated 2026-08-17)",0,2026-09-23
"Triumph Brewing Company","Red Bank","Monmouth County","New Jersey","https://www.triumphbrewing.com",nj,brewpub,,,,"added from NJCB directory (newjerseycraftbeer.com/new-jersey-breweries/, page updated 2026-08-17)",0,2026-09-23
"Twin Lights Brewing","Tinton Falls","Monmouth County","New Jersey","https://www.twinlightsbrewing.com",nj,,,,,"added from NJCB directory (newjerseycraftbeer.com/new-jersey-breweries/, page updated 2026-08-17)",0,2026-09-23
"Wild Air Beerworks","Asbury Park","Monmouth County","New Jersey","https://www.wildairbeer.com",nj,,,,,"added from NJCB directory (newjerseycraftbeer.com/new-jersey-breweries/, page updated 2026-08-17)",0,2026-09-23
"Autodidact Beer","Morris Plains","Morris County","New Jersey","https://www.autodidactbeer.com",nj,,,,,"added from NJCB directory (newjerseycraftbeer.com/new-jersey-breweries/, page updated 2026-08-17)",0,2026-09-23
"Chilton Mill Brewing","Long Valley","Morris County","New Jersey","https://www.chiltonmillbrewing.com",nj,,,,,"added from NJCB directory (newjerseycraftbeer.com/new-jersey-breweries/, page updated 2026-08-17)",0,2026-09-23
"Diamond Spring Brewing Company",Denville,"Morris County","New Jersey","https://diamondspringbrewing.com",nj,,,,,"added from NJCB directory (newjerseycraftbeer.com/new-jersey-breweries/, page updated 2026-08-17)",0,2026-09-23
"Double Tap Brewing",Whippany,"Morris County","New Jersey","https://doubletapbeer.com",nj,,,,,"added from NJCB directory (newjerseycraftbeer.com/new-jersey-breweries/, page updated 2026-08-17)",0,2026-09-23
"Fort Nonsense",Randolph,"Morris County","New Jersey","https://www.fortnonsensebrewing.com",nj,,,,,"added from NJCB directory (newjerseycraftbeer.com/new-jersey-breweries/, page updated 2026-08-17)",0,2026-09-23
"Glenbrook Brewery",Morristown,"Morris County","New Jersey","https://glenbrookbrewery.com",nj,,,,,"added from NJCB directory (newjerseycraftbeer.com/new-jersey-breweries/, page updated 2026-08-17)",0,2026-09-23
"High Point Brewing Co, Inc.",Butler,"Morris County","New Jersey","http://www.ramsteinbeer.com",nj,micro,07405-1377,,,,0,2026-09-01
"Long Valley Pub and Brewery","Long Valley","Morris County","New Jersey",,nj,brewpub,07853,,,,0,2026-09-01
"Oakflower Brewing Company",Millington,"Morris County","New Jersey",,nj,,,,,"added from NJCB directory (newjerseycraftbeer.com/new-jersey-breweries/, page updated 2026-08-17)",0,2026-09-23
"The Rosecourt Brewery",Madison,"Morris County","New Jersey",,nj,,,,,"added from NJCB directory (newjerseycraftbeer.com/new-jersey-breweries/, page updated 2026-08-17)",0,2026-09-23
"Twin Elephant Brewing Company",Chatham,"Morris County","New Jersey","http://www.twinelephant.com",nj,micro,07928-2759,,,,0,2026-09-01
"Artisan's Brewery & Italian Grill","Toms River","Ocean County","New Jersey","http://www.artisanstomsriver.com",nj,brewpub,08753-8305,,,,0,2026-09-01
"Battle River Brewing","Toms River","Ocean County","New Jersey","https://www.battleriverbrewing.com",nj,,,,,"added from NJCB directory (newjerseycraftbeer.com/new-jersey-breweries/, page updated 2026-08-17)",0,2026-09-23
"Bent Elbow Brewery","West Creek","Ocean County","New Jersey","https://bentelbowbrewery.com",nj,,,,,"added from NJCB directory (newjerseycraftbeer.com/new-jersey-breweries/, page updated 2026-08-17)",0,2026-09-23
"Booterbeer Brewing Company","New Egypt","Ocean County","New Jersey",,nj,,,,,"added from NJCB directory (newjerseycraftbeer.com/new-jersey-breweries/, page updated 2026-08-17)",0,2026-09-23
"Heavy Reel Brewing","Seaside Heights","Ocean County","New Jersey","http://www.heavyreelbrewingco.com",nj,micro,08751,,,,0,2026-09-01
"Icarus Brewing Company",Brick,"Ocean County","New Jersey","http://www.icarusbrewing.com",nj,micro,,,,"relocation; supersedes Lakewood line. relocated from Lakewood 2024-06; Brick grand opening 2024-07-20",1,2026-09-23
"Last Wave Brewing Co","Point Pleasant Beach","Ocean County","New Jersey","http://www.lastwavebrewing.com",nj,micro,08742-2536,,,,0,2026-09-01
"Leaning Fathers Brewing",Brick,"Ocean County","New Jersey","https://leaningfathersbrewing.com",nj,,,,,"added from NJCB directory (newjerseycraftbeer.com/new-jersey-breweries/, page updated 2026-08-17)",0,2026-09-23
"Lokal Brewing","Point Pleasant","Ocean County","New Jersey","https://lokalbrewco.com",nj,,,,,"added from NJCB directory (newjerseycraftbeer.com/new-jersey-breweries/, page updated 2026-08-17)",0,2026-09-23
ManaFirkin,Manahawkin,"Ocean County","New Jersey",,nj,micro,08050,,,,0,2026-09-01
"Oyster Creek Brewing Company",Waretown,"Ocean County","New Jersey","https://www.oystercreekbrewing.com",nj,,,,,"added from NJCB directory (newjerseycraftbeer.com/new-jersey-breweries/, page updated 2026-08-17)",0,2026-09-23
"Pinelands Brewing","Little Egg Harbor Twp","Ocean County","New Jersey","http://www.pinelandsbrewing.com",nj,micro,08087-4259,"Burlington County",,,0,2026-09-01
"Ship Bottom Brewery","Beach Haven","Ocean County","New Jersey","http://www.shipbottombrewery.com",nj,micro,08008-2053,,,,0,2026-09-01
"Toms River Brewing","Toms River","Ocean County","New Jersey",,nj,micro,,,,"rename of Rinn Duin Brewing at the same site (2018, transition completed April 2019); website not found",1,2026-09-23
"Ghost Hawk Brewing Co",Clifton,"Passaic County","New Jersey","https://www.ghosthawkbrewing.com",nj,,,,,"added from NJCB directory (newjerseycraftbeer.com/new-jersey-breweries/, page updated 2026-08-17)",0,2026-09-23
"Seven Tribesmen Brewery",Wayne,"Passaic County","New Jersey","https://www.seventribesmen.com",nj,,,,,"added from NJCB directory (newjerseycraftbeer.com/new-jersey-breweries/, page updated 2026-08-17)",0,2026-09-23
"Bullhide Brewery",Pilesgrove,"Salem County","New Jersey","https://bullhidebrewery.com",nj,,,,,"added from NJCB directory (newjerseycraftbeer.com/new-jersey-breweries/, page updated 2026-08-17)",0,2026-09-23
"Farmers and Bankers Brewing",Woodstown,"Salem County","New Jersey","https://farmersandbankersbrewing.com",nj,,,,,"added from NJCB directory (newjerseycraftbeer.com/new-jersey-breweries/, page updated 2026-08-17)",0,2026-09-23
"Lost Elephant Brewing Company",Elmer,"Salem County","New Jersey",,nj,,,,,"added from NJCB directory (newjerseycraftbeer.com/new-jersey-breweries/, page updated 2026-08-17)",0,2026-09-23
"Brooks Brewery at Northside Lounge",Manville,"Somerset County","New Jersey","https://northsidelounge.com",nj,brewpub,,,,"added from NJCB directory (newjerseycraftbeer.com/new-jersey-breweries/, page updated 2026-08-17); listed as temporarily closed",0,2026-09-23
"Flounder Brewing Co",Hillsborough,"Somerset County","New Jersey","http://www.flounderbrewing.com",nj,micro,08844-1916,,,,0,2026-09-01
"Village Brewing Company",Somerville,"Somerset County","New Jersey","https://www.villagebrewing.com",nj,brewpub,,,,"added from NJCB directory (newjerseycraftbeer.com/new-jersey-breweries/, page updated 2026-08-17)",0,2026-09-23
"Angry Erik Brewing",Newton,"Sussex County","New Jersey","http://www.angryerik.com",nj,micro,,,,"relocation; supersedes Lafayette line. relocated from Lafayette spring 2019",1,2026-09-23
"Krogh's Restaurant and Brewpub",Sparta,"Sussex County","New Jersey","http://www.kroghs.com",nj,brewpub,07871-1823,,,,0,2026-09-01
"Twin Soles Brewing",Augusta,"Sussex County","New Jersey","https://www.drinktwinsoles.com",nj,,,,,"added from NJCB directory (newjerseycraftbeer.com/new-jersey-breweries/, page updated 2026-08-17)",0,2026-09-23
"Vernon Brewing (formerly Alias Brew Works)",Vernon,"Sussex County","New Jersey","https://www.aliasbrewworks.com",nj,,,,,"added from NJCB directory (newjerseycraftbeer.com/new-jersey-breweries/, page updated 2026-08-17); website is still the aliasbrewworks.com domain",0,2026-09-23
"Bull N Bear Brewery",Summit,"Union County","New Jersey","https://bullnbearbrewery.com",nj,,,,,"added from NJCB directory (newjerseycraftbeer.com/new-jersey-breweries/, page updated 2026-08-17); an older BeerAdvocate thread reports an ABC shutdown, but 2026 listings show it operating",0,2026-09-23
"Climax Brewing Co","Roselle Park","Union County","New Jersey","http://www.climaxbrewing.com",nj,micro,07204-1402,,,,0,2026-09-01
"Lions Roar Brewing",Westfield,"Union County","New Jersey","https://www.lionsroarbrewing.com",nj,,,,,"added from NJCB directory (newjerseycraftbeer.com/new-jersey-breweries/, page updated 2026-08-17)",0,2026-09-23
"Trap Rock Restaurant And Brewery","Berkeley Heights","Union County","New Jersey","http://www.traprockrestaurant.net",nj,brewpub,07922-1214,,,,0,2026-09-01
"Two Ton Brewing",Kenilworth,"Union County","New Jersey","http://www.twotonbrewing.com",nj,micro,07033,,,,0,2026-09-01
"Untied Brewing Company","New Providence","Union County","New Jersey","https://www.untiedbrewingco.com",nj,,,,,"added from NJCB directory (newjerseycraftbeer.com/new-jersey-breweries/, page updated 2026-08-17)",0,2026-09-23
"Wet Ticket Brewing",Rahway,"Union County","New Jersey","http://www.wetticketbrewing.com",nj,micro,07065-,,,,0,2026-09-01
"Yale Terrace Brewing",Cranford,"Union County","New Jersey","https://ytbrewery.com",nj,,,,,"added from NJCB directory (newjerseycraftbeer.com/new-jersey-breweries/, page updated 2026-08-17)",0,2026-09-23
"Buck Hill Brewery and Restaurant",Blairstown,"Warren County","New Jersey","http://www.buckhillbrewery.com",nj,brewpub,07825,"Sussex County",,,0,2026-09-01
"Czig Meister Brewing Co.",Hackettstown,"Warren County","New Jersey","http://www.CzigMeisterBrewing.com",nj,micro,07840-2156,"Morris County",,,0,2026-09-01
"Invertase Brewing - Phillipsburg",Phillipsburg,"Warren County","New Jersey","https://invertasebrewing.com",nj,,,,,"added from NJCB directory (newjerseycraftbeer.com/new-jersey-breweries/, page updated 2026-08-17)",0,2026-09-23
"Jersey Girl Brewing Company",Hackettstown,"Warren County","New Jersey","http://www.jerseygirlbrewing.com",nj,micro,07840-5535,"Morris County",,,0,2026-09-01
"Man Skirt Brewing",Hackettstown,"Warren County","New Jersey","http://www.manskirtbrewing.com",nj,micro,07840-1930,"Morris County",,,0,2026-09-01
"Blue Earl Brewing Company",Smyrna,"Kent County",Delaware,"http://www.blueearlbrewing.com",border,micro,19977-3715,"New Castle County","included on ZIP overlap: primary county Kent County, ZIP also overlaps New Castle County",,,
"Brick Works Brewing and Eats",Smyrna,"Kent County",Delaware,"http://www.brickworksde.com",border,brewpub,19977-1573,"New Castle County","included on ZIP overlap: primary county Kent County, ZIP also overlaps New Castle County",,,
"Argilla Brewing Co @ Pietro's Pizza",Newark,"New Castle County",Delaware,"http://www.argillabrewing.com",border,brewpub,19711-7242,,,,,
"Bellefonte Brewing Co",Wilmington,"New Castle County",Delaware,"http://www.bellefontebrewingco.com",border,micro,19808-6043,,,,,
"Dew Point Brewing",Yorklyn,"New Castle County",Delaware,"http://www.dewpointbrewing.com",border,brewpub,19736-,,,,,
"Iron Hill Brewery & Restaurant - Newark",Newark,"New Castle County",Delaware,"http://www.ironhillbrewery.com",border,brewpub,19711-7313,,,,,
"Iron Hill Brewery & Restaurant - Wilmington",Wilmington,"New Castle County",Delaware,"http://www.ironhillbrewery.com",border,brewpub,19801-5141,,,,,
"Midnight Oil Brewing",Newark,"New Castle County",Delaware,,border,micro,19702,,,,,
"Midnight Oil Brewing Company",Newark,"New Castle County",Delaware,"http://www.midnightoilbrewing.com",border,micro,19702-3348,,,,,
"Pizza By Elizabeths",Greenville,"New Castle County",Delaware,"http://www.pizzabyelizabeths.com",border,brewpub,19807-2321,,,,,
"Stewart's Brewing Co",Bear,"New Castle County",Delaware,"http://www.stewartsbrewingcompany.com",border,brewpub,19701-3026,,,,,
"Stitch House Brewery",Wilmington,"New Castle County",Delaware,"http://www.stitchhousebrewery.com",border,brewpub,19801,,,,,
"Twin Lakes Brewing Co",Wilmington,"New Castle County",Delaware,"http://www.twinlakesbrewingcompany.com",border,micro,19804-2445,,,,,
"Volunteer Brewing Company",Middletown,"New Castle County",Delaware,"http://www.VolunteerBrewing.com",border,micro,19709-1040,,,,,
"Roscoe Brewing Company",Roscoe,"Delaware County","New York","http://www.roscoebeercompany.com",border,micro,12776-6418,"Sullivan County","included on ZIP overlap: primary county Delaware County, ZIP also overlaps Sullivan County",,,
"Clemson Bros. Brewery",Middletown,"Orange County","New York","http://www.clemsonbrewing.com",border,brewpub,10940-5059,"Sullivan County",,,,
"Equilibrium Brewery",Middletown,"Orange County","New York","http://www.eqbrew.com",border,micro,10940,"Sullivan County",,,,
"Fox N Hare Brewing Company","Port Jervis","Orange County","New York","http://www.foxnhare-brewing.com",border,micro,12771-2415,,,,,
"Glenmere Brewing Co, Inc",Florida,"Orange County","New York","http://www.glenmerebrewingco.com",border,micro,10921-1124,,,,,
"Long Lot Farm Brewery",Chester,"Orange County","New York","http://www.longlotfarmbrewery.com",border,micro,10918,,,,,
"Newburgh Brewing Company",Newburgh,"Orange County","New York","http://www.newburghbrewing.com",border,micro,12550-5640,,,,,
"Pine Island Brewing","Pine Island","Orange County","New York","http://www.pineislandbeer.com",border,micro,10969-1715,,,,,
"Rushing Duck Brewing Co",Chester,"Orange County","New York","http://www.rushingduck.com",border,micro,10918-1283,,,,,
"Westtown Brew Works",Westtown,"Orange County","New York","http://www.westtownbrewworks.com",border,micro,10998-,,,,,
"Andean Brewing",Blauvelt,"Rockland County","New York",,border,micro,10913-1162,,,,,
"Defiant Brewing Co","Pearl River","Rockland County","New York","http://www.defiantbrewing.com",border,brewpub,10965-2360,,,,,
"District 96 Beer Factory","New City","Rockland County","New York","http://www.district96beer.com",border,brewpub,10956,,,,,
"Gentle Giant Brewing Company","Pearl River","Rockland County","New York","http://gentlegiantbrewing.com/",border,micro,10965-2318,,,,,
"Industrial Arts Brewing Co.",Garnerville,"Rockland County","New York","http://www.industrialartsbrewing.com",border,micro,10923-1261,,,,,
"Catskill Brewery","Livingston Manor","Sullivan County","New York","http://www.catskillbrewery.com",border,micro,12758-0033,"Ulster County; Delaware County",,,,
"Shrewd Fox Brewery",Eldred,"Sullivan County","New York","http://www.shrewdfoxbrewery.com",border,micro,12732,,,,,
"Broken Goblet Brewing",Bristol,"Bucks County",Pennsylvania,"http://www.brokengoblet.com",border,brewpub,19007-1521,,,,,
"Bucks County Brewery",Pipersville,"Bucks County",Pennsylvania,"http://www.buckscountybrewery.com",border,micro,18947-1083,,,,,
"Free Will Brewing Company",Perkasie,"Bucks County",Pennsylvania,"http://www.freewillbrewing.com",border,micro,18944-1683,,,,,
"Great Barn Brewery","New Hope","Bucks County",Pennsylvania,"http://www.greatbarnbrewery.com",border,micro,18938,,,,,
"Mad Princes Brewing",Buckingham,"Bucks County",Pennsylvania,,border,micro,18902,,,,,
"Neshaminy Creek Brewing Co",Croydon,"Bucks County",Pennsylvania,"http://www.neshaminycreekbrewing.com",border,regional,19021-7510,,,,,
"The Proper Brewing Company",Quakertown,"Bucks County",Pennsylvania,"http://www.theproperbrewing.com",border,brewpub,18951-1200,"Lehigh County",,,,
"Towerhill Brewery",Chalfont,"Bucks County",Pennsylvania,"http://www.towerhillbrewery.com",border,brewpub,18914-3020,"Montgomery County",,,,
"Triumph Brewing Co of New Hope","New Hope","Bucks County",Pennsylvania,"http://www.triumphbrew.com",border,brewpub,18938-1367,,,,,
"Vault Brewing Co",Morrisville,"Bucks County",Pennsylvania,"http://www.vaultbrewing.com",border,brewpub,19067-1511,,,,,
"Taylor House Brewing Co",Catasauqua,"Lehigh County",Pennsylvania,"http://www.taylorhousebrewing.com",border,micro,18032,"Northampton County","included on ZIP overlap: primary county Lehigh County, ZIP also overlaps Northampton County",,,
"Barley Creek Brewing Co",Tannersville,"Monroe County",Pennsylvania,"http://www.barleycreek.com",border,brewpub,18372-7893,,,,,
"Pocono Brewery Company",Swiftwater,"Monroe County",Pennsylvania,,border,brewpub,18370-7773,,,,,
"Shawnee Craft Brewery","Shawnee on Delaware","Monroe County",Pennsylvania,,border,brewpub,18356,,,,,
"Crooked Eye Brewery",Hatboro,"Montgomery County",Pennsylvania,"http://crookedeyebrewery.com",border,micro,19040-2618,"Bucks County","included on ZIP overlap: primary county Montgomery County, ZIP also overlaps Bucks County",,,
"Imprint Beer Company",Hatfield,"Montgomery County",Pennsylvania,"http://www.imprintbeer.com",border,micro,19440-3271,"Bucks County","included on ZIP overlap: primary county Montgomery County, ZIP also overlaps Bucks County",,,
"Iron Hill Brewery & Restaurant - Huntingdon Valley","Huntingdon Valley","Montgomery County",Pennsylvania,"http://www.ironhillbrewery.com",border,brewpub,19006-8362,"Bucks County","included on ZIP overlap: primary county Montgomery County, ZIP also overlaps Bucks County",,,
"Iron Hill Brewery & Restaurant - North Wales","North Wales","Montgomery County",Pennsylvania,"http://www.ironhillbrewery.com",border,brewpub,19454-2159,"Bucks County","included on ZIP overlap: primary county Montgomery County, ZIP also overlaps Bucks County",,,
"Moss Mill Brewing","Huntingdon Valley","Montgomery County",Pennsylvania,"http://www.mossmillbrewing.com",border,micro,19006-1630,"Bucks County","included on ZIP overlap: primary county Montgomery County, ZIP also overlaps Bucks County",,,
"Naked Brewing Co","Huntingdon Valley","Montgomery County",Pennsylvania,"http://www.nakedbrewingcompany.com",border,micro,19006-1501,"Bucks County","included on ZIP overlap: primary county Montgomery County, ZIP also overlaps Bucks County",,,
"Perkiomen Valley Brewery","Green Lane","Montgomery County",Pennsylvania,"http://www.perkiomenvalleybrewery.com",border,taproom,18054,"Bucks County","included on ZIP overlap: primary county Montgomery County, ZIP also overlaps Bucks County",,,
"Bangor Trust Brewing",Bangor,"Northampton County",Pennsylvania,"http://bangortrustbrewing.com",border,brewpub,18013-2601,,,,,
"Birthright Brewing Co.",Nazareth,"Northampton County",Pennsylvania,"http://www.birthrightbrewingco.com",border,brewpub,18064-2037,,,,,
"Bonn Place Brewing",Bethlehem,"Northampton County",Pennsylvania,"http://www.bonnbrewing.com",border,micro,18015,"Lehigh County",,,,
"Cave Brewing Co",Bethlehem,"Northampton County",Pennsylvania,"http://www.cavebrewing.com",border,micro,18015-4219,"Lehigh County",,,,
"Hop Hill Brewing Company",Bethlehem,"Northampton County",Pennsylvania,"http://www.hophillbeer.com",border,micro,18015-5307,"Lehigh County",,,,
"Lost Tavern Brewing",Hellertown,"Northampton County",Pennsylvania,"http://www.losttavernbrewing.com",border,micro,18055-1540,"Bucks County",,,,
"The Brewery Böser Geist Brewing Co., LLC",Easton,"Northampton County",Pennsylvania,,border,micro,18042-1474,"Bucks County",,,,
"Two Rivers Brewing Co",Easton,"Northampton County",Pennsylvania,"http://www.tworiversbrewing.com",border,brewpub,18042-3517,"Bucks County",,,,
"Weyerbacher Brewing Co",Easton,"Northampton County",Pennsylvania,"http://www.weyerbacher.com",border,regional,18042-7379,"Bucks County",,,,
"Wallenpaupack Brewing Company",Hawley,"Pike County",Pennsylvania,"http://www.wallenpaupackbrewingco.com",border,brewpub,18428-1500,"Wayne County",,,,
"Jam Room Brewing Co",Newfoundland,"Wayne County",Pennsylvania,"http://www.jamroombrewing.net",border,micro,18445-5210,"Pike County","included on ZIP overlap: primary county Wayne County, ZIP also overlaps Pike County",,,
