brewery_name,type,county,city,street_address,website,as_of_date
The Seed: A Living Beer Project,Brewery,Atlantic,Atlantic City,204 N Delaware Ave,https://theseedbeer.com/,2026-09-01
Tun Tavern Brewery & Restaurant,Brewpub,Atlantic,Atlantic City,2 Convention Blvd,https://www.tuntavern.com/,2026-09-01
Buena Connection Brewing Company,Brewery,Atlantic,Buena,112 Wheat Rd,https://buenaconnectionbrewing.com/,2026-09-01
Hidden Sands Brewing Company,Brewery,Atlantic,Egg Harbor Township,6754 Washington Ave Unit B,https://www.hiddensands.com/,2026-09-01
Garden State Beer Company,Brewery,Atlantic,Galloway,247 E White Horse Pike,https://gardenstatebeerco.com/,2026-09-01
Snouts and Stouts Brewing,Brewery,Atlantic,Hammonton,300 12th St Unit B,https://snoutsandstoutsbrewing.com/,2026-09-01
Three 3's Brewing Company,Brewery,Atlantic,Hammonton,50 13th St,https://www.three3sbrewing.com/,2026-09-01
Somers Point Brewing Company,Brewery,Atlantic,Somers Point,705 W New York Ave,https://somerspointbrewing.com/,2026-09-01
Bolero Snort Brewery,Brewery,Bergen,Carlstadt,316 20th St,https://bolerosnort.com/,2026-09-01
Asturia Brewing,Brewery,Bergen,Hackensack,155 Lodi St,https://www.asturiabrewingco.com/,2026-09-01
Hackensack Brewing,Brewery,Bergen,Hackensack,78 Johnson Ave,https://hackensackbrewing.com/,2026-09-01
Brix City Brewing,Brewery,Bergen,Little Ferry,4 Alsan Way,https://www.brixcitybrewing.com/,2026-09-01
Gearblock Brewing Company,Brewery,Bergen,Waldwick,140 Franklin Turnpike #2,https://gearblockbrewing.com/,2026-09-01
Five Dimes Brewery - Westwood,Brewery,Bergen,Westwood,247 Westwood Ave,https://www.fivedimesbrewery.com/,2026-09-01
Abyssal Brewing,Brewery,Burlington,Bordentown,222 Farnsworth Ave,https://abyssalbrewing.com/,2026-09-01
Coaled Roots Brewing at Marcello's,Brewpub,Burlington,Bordentown,206 Farnsworth Ave,https://marcellosbordentown.com/,2026-09-01
Tindall Road Brewery,Brewery,Burlington,Bordentown,102 Farnsworth Ave Suite 110,https://tindallroadbrewery.com/,2026-09-01
Raccoon Pubhaus,Brewery,Burlington,Burlington,352 High St,https://swedesborobrewing.com/,2026-09-01
Subculture Artisan Ales,Brewery,Burlington,Florence,11 W 2nd St,https://subcultureartisanales.com/,2026-09-01
Dr. Brewlittle's Beer,Brewery,Burlington,Maple Shade,108 E Main St,https://drbrewlittlesbeer.com/,2026-09-01
Zed's Beer,Brewery,Burlington,Marlton,19 N Maple Ave Unit B,https://drinkzeds.com/,2026-09-01
Farm Truck Brewing,Brewery,Burlington,Medford,47 N Main St,https://farmtruckbrewing.com/,2026-09-01
King's Road Brewing Company - Medford,Brewery,Burlington,Medford,67 N Main St,https://kingsroadbrewing.com/,2026-09-01
Lower Forge Brewery,Brewery,Burlington,Medford,14 S Main St,https://lowerforge.com/,2026-09-01
Magnify Brewing Company - Medford,Brewery,Burlington,Medford,17 N Main St,https://magnifybrewing.com/,2026-09-01
Spellbound Brewing,Brewery,Burlington,Mount Holly,10 Lippincott Ln #12,https://spellboundbrewing.com/,2026-09-01
Stratosphere Brewing Company,Brewery,Burlington,Mount Holly,72 Washington St Suite 76B,https://stratospherebrewingcompany.com/,2026-09-01
Village Idiot Brewing,Brewery,Burlington,Mount Holly,42 High St,https://villageidiotbrewing.com/,2026-09-01
Bout The Hops Brewing,Brewery,Burlington,Mount Laurel,2000 Crawford Pl Suite 400,https://boutthehops.com/,2026-09-01
Cross Keys Brewing Co,Brewery,Burlington,Mount Laurel,2000 Crawford Pl Suite 400B,https://ckbcbeer.com/,2026-09-01
Brewery Thirty-Three,Brewery,Burlington,Riverton,601 Lippincott Ave,https://craftbrewery33.com/,2026-09-01
Brotherton Brewing Company,Brewery,Camden,Atco,2208 Atco Ave,https://www.brothertonbrewing.com/,2026-09-01
Whims Brewing,Brewery,Camden,Atco,302 White Horse Pike,https://whimsbrewing.com/,2026-09-01
Tonewood Brewing - Barrington,Brewery,Camden,Barrington,50 Clements Bridge Rd,https://tonewoodbrewing.com/,2026-09-01
Berlin Brewing Company,Brewery,Camden,Berlin,220 S White Horse Pike,https://berlinbrewingco.com/,2026-09-01
Mechanical Brewery,Brewery,Camden,Cherry Hill,5 Perina Blvd Ste 800,https://mechanicalbrewery.com/,2026-09-01
The Raccoon Taproom (Swedesboro Brewing),Brewery,Camden,Collingswood,1 Powell Ln,https://swedesborobrewing.com/,2026-09-01
Tanner Brewing Company,Brewery,Camden,Haddon Heights,222 W Atlantic Ave,https://tannerbrewingcompany.com/,2026-09-01
King's Road Brewing Company - Haddonfield,Brewery,Camden,Haddonfield,131 Kings Hwy E,https://kingsroadbrewing.com/,2026-09-01
Eclipse Brewing,Brewery,Camden,Merchantville,25 E Park Ave,https://www.facebook.com/EclipseBrewingNJ/,2026-09-01
Tonewood Brewing - Oaklyn,Brewery,Camden,Oaklyn,215 W Clinton Ave,https://tonewoodbrewing.com/,2026-09-01
Double Nickel Brewing Company,Brewpub,Camden,Pennsauken,1585 NJ-73,https://dnbcbeer.com/,2026-09-01
Avalon Brew Pub,Brewpub,Cape May,Avalon,125 79th St,https://www.avalonbrewpub.com/,2026-09-01
Behr Brewery,Brewery,Cape May,Cape May,513 Seashore Rd,https://behrbrewing.com/,2026-09-01
Cold Spring Brewery,Brewery,Cape May,Cape May,733 Seashore Rd,https://www.coldspringbrewery.org/,2026-09-01
Obscura Brewing,Brewery,Cape May,Cape May Court House,205 N Main St,https://obscurabrewingco.com/,2026-09-01
Slack Tide Brewing,Brewery,Cape May,Cape May Court House,1879 US-9,https://slacktidebrewingco.com/,2026-09-01
Whale Tale Brewing Company,Brewery,Cape May,Cape May Court House,28 Indian Trail Rd #103,https://whaletalebrewing.com/,2026-09-01
Gusto Brewing Co,Brewery,Cape May,North Cape May,3860 Bayshore Rd,https://gustobrewco.com/,2026-09-01
Meyers Lighthouse Brewing,Brewery,Cape May,Ocean View,2576 US-9,https://meyersbrewing.com/,2026-09-01
Cape May Brewing Company,Brewery,Cape May,Rio Grande,1250 Hornet Rd,https://capemaybrewery.com/,2026-09-01
Anglesea Aleworks,Brewery,Cape May,Wildwood,3401 New Jersey Ave,https://angleseaaleworks.com/,2026-09-01
MudHen Brewing Co,Brewpub,Cape May,Wildwood,127 W Rio Grande Ave,https://mudhenbrew.com/,2026-09-01
Ludlam Island Brewery,Brewpub,Cape May,Woodbine,2051 Dennisville-Petersburg Rd,https://www.ludlamisland.com/,2026-09-01
Glasstown Brewing Company,Brewery,Cumberland,Millville,10 Peterson Ave,https://glasstownbrewingcompany.com/,2026-09-01
Wander Back Beerworks,Brewery,Cumberland,Vineland,631 E Landis Ave,https://wanderbackbeer.com/,2026-09-01
Varitage Brew Works,Brewery,Essex,Bloomfield,58 Washington St,https://varitagebeer.com/,2026-09-01
Cricket Hill Brewing Company,Brewery,Essex,Fairfield,24 Kulick Rd,https://crickethillbrewery.com/,2026-09-01
Magnify Brewing Company - Fairfield,Brewery,Essex,Fairfield,"1275 Bloomfield Ave, Bldg 7 Unit 40C",https://magnifybrewing.com/,2026-09-01
Pallet Brewing Company,Brewery,Essex,Maplewood,30 Newark Way,https://palletbrewing.com/,2026-09-01
SOMA Brewing,Contract brewery,Essex,Maplewood,No NJ street location — contract brewery brewing out of state,https://somabrewing.com/,2026-09-01
Montclair Brewery,Brewery,Essex,Montclair,101 Walnut St,https://montclairbrewery.com/,2026-09-01
Newark Local Beer,Brewery,Essex,Newark,528 Broad St,https://newarklocalbeer.com/,2026-09-01
Gaslight Brewery & Restaurant,Brewpub,Essex,South Orange,15 S Orange Ave,https://gaslightbrewery.net/,2026-09-01
Death of the Fox Brewing Company,Brewery,Gloucester,Clarksboro,119 Berkley Rd,https://deathofthefoxbrewing.com/,2026-09-01
Core3 Brewery,Brewery,Gloucester,Clayton,609 N Delsea Dr,https://core3brewery.com/,2026-09-01
Bonesaw Pilot House,Brewery,Gloucester,Deptford,1750 Deptford Center Rd Suite 1500,https://bonesawbrewing.com/,2026-09-01
Axe and Arrow Brewing,Brewery,Gloucester,Glassboro,105 W High St,https://axeandarrowbrewing.com/,2026-09-01
Bonesaw Brewing Company,Brewery,Gloucester,Glassboro,570 Mullica Hill Rd,https://bonesawbrewing.com/,2026-09-01
Neck Of The Woods Brewing,Brewery,Gloucester,Pitman,614 Lambs Rd Suite 7,https://neckofthewoodsbrewing.square.site/,2026-09-01
Swedesboro Brewing Company,Brewery,Gloucester,Swedesboro,95 Woodstown Rd,https://swedesborobrewing.com/,2026-09-01
Westville Brewery,Brewery,Gloucester,Westville,201 Broadway,https://westvillebrewery.com/,2026-09-01
13th Child Brewing,Brewery,Gloucester,Williamstown,345 S Main St,https://13thchildbrewery.com/,2026-09-01
Sons of Barley Beer Co,Brewery,Gloucester,Woodbury Heights,998 Mantua Pike,https://www.facebook.com/sonsofbarleybeer/,2026-09-01
Hoboken Brewing Company,Brewery,Hudson,Hoboken,66 Harrison St,https://hobokenbrewing.com/,2026-09-01
902 Brewing,Brewery,Hudson,Jersey City,101 Pacific Ave,https://902brewing.com/,2026-09-01
Departed Soles Brewery,Brewery,Hudson,Jersey City,150 Bay St,https://departedsoles.com/,2026-09-01
New Jersey Beer Company,Brewery,Hudson,North Bergen,4201 Tonnelle Ave,https://njbeerco.com/,2026-09-01
Lone Eagle Brewing,Brewery,Hunterdon,Flemington,44 Stangl Rd,https://www.loneeaglebrewing.com/,2026-09-01
Wild Fern Brewing,Brewery,Hunterdon,Frenchtown,62A Trenton Ave Suite 1,https://www.wildfernbrewing.com/,2026-09-01
Esker Hart Artisan Ales,Brewery,Hunterdon,High Bridge,20 Main St,https://www.eskerhart.com/,2026-09-01
Invertase Brewing - Lambertville,Brewery,Hunterdon,Lambertville,80 Lambert Ln,https://invertasebrewing.com/,2026-09-01
Sunken Silo Brew Works,Brewery,Hunterdon,Lebanon,1320 US-22 W,https://www.sunkensilo.com/,2026-09-01
Descendants Brewing Company at the Old Ship Inn,Brewpub,Hunterdon,Milford,61 Bridge St,https://www.descendantsbrewing.com/,2026-09-01
Readington Brewery & Hop Farm,Brewery,Hunterdon,Neshanic Station,937 US Highway 202 S,https://readingtonbrewery.com/,2026-09-01
Conclave Brewing,Brewery,Hunterdon,Raritan Township,11 Minneakoning Rd,https://www.conclavebrewing.com/,2026-09-01
Odd Bird Brewing,Brewery,Hunterdon,Stockton,10 Risler St,https://www.oddbirdbrewing.com/,2026-09-01
River Horse Brewing Company / DuClaw Brewing Company,Brewery,Mercer,Ewing,2 Graphics Dr,https://riverhorse.com/,2026-09-01
Bent Iron Brewing Company,Brewery,Mercer,Hamilton,70 Extonville Rd,https://bentironbrewing.com/,2026-09-01
Old Hights Brewing Company,Brewery,Mercer,Hightstown,123 W Ward St,https://oldhightsbrewingcompany.com/,2026-09-01
Troon Brewing,Brewery,Mercer,Hopewell,130 Hopewell-Rocky Hill Rd,https://troonbrewing.com/,2026-09-01
The Druery,Brewery,Mercer,Lawrenceville,60 Lawrenceville-Pennington Rd Suite 4,https://thedruery.com/,2026-09-01
Needle Creek Farm Brewery Company,Brewery,Mercer,Pennington,91 Titus Mill Rd,https://needlecreek.com/,2026-09-01
Triumph Brewing - Princeton,Brewpub,Mercer,Princeton,138 Nassau St,https://triumphbrewing.com/,2026-09-01
The Hidden Brewery,Brewery,Middlesex,Middlesex,600A Lincoln Blvd,https://hiddenbrewerynj.com/,2026-09-01
Harvest Moon Brewery & Cafe,Brewpub,Middlesex,New Brunswick,392 George St,https://harvestmoonbrewery.com/,2026-09-01
Alternate Ending Beer Co,Brewpub,Monmouth,Aberdeen,1057 NJ-34,https://www.alternateendingbeerco.com/,2026-09-01
Asbury Park Brewery,Brewery,Monmouth,Asbury Park,614 Cookman Ave,https://asburyparkbrewery.com/,2026-09-01
Wild Air Beerworks,Brewery,Monmouth,Asbury Park,801 2nd Ave,https://wildairbeer.com/,2026-09-01
Carton Brewing,Brewery,Monmouth,Atlantic Highlands,6 E Washington Ave,https://cartonbrewing.com/,2026-09-01
Belford Brewing,Brewery,Monmouth,Belford,888-890 Main St,https://www.belfordbrewing.com/,2026-09-01
Beach Haus Brewery,Brewpub,Monmouth,Belmar,801 Main St,https://beachhausbeer.com/,2026-09-01
Erratic Fermentations,Brewery,Monmouth,Bradley Beach,714 Main St,https://erraticfermentations.myshopify.com/,2026-09-01
Source Brewing Company,Brewery,Monmouth,Colts Neck,300 NJ-34,https://sourcebrewing.com/,2026-09-01
Screamin' Hill Brewery,Brewery,Monmouth,Cream Ridge,83 Emley's Hill Rd,https://screaminhill.com/,2026-09-01
Tall Oaks Farm + Brewery,Brewery,Monmouth,Farmingdale,450 Colts Neck Rd,https://talloaksbrew.com/,2026-09-01
Seven Sons Brewery,Brewery,Monmouth,Howell,2224 US-9,https://sevensonsbrewing.com/,2026-09-01
Little Dog Brewing,Brewery,Monmouth,Neptune City,141 Steiner Ave,https://littledogbrewing.com/,2026-09-01
Kane Brewing Company,Brewery,Monmouth,Ocean Township,1750 Bloomsbury Ave,https://kanebrewing.com/,2026-09-01
Birdsmouth Beer,Brewery,Monmouth,Oceanport,675 Oceanport Way,https://birdsmouthbeer.com/,2026-09-01
Skinny Flowers Brewing,Brewery,Monmouth,Oceanport,800 Oceanport Ave Unit 1,https://skinnyflowersbrewing.com/,2026-09-01
Five Dimes Brewery - Red Bank,Brewery,Monmouth,Red Bank,77 Monmouth St,https://www.fivedimesbrewery.com/,2026-09-01
Triumph Brewing Company - Red Bank,Brewpub,Monmouth,Red Bank,1 Bridge Ave,https://triumphbrewing.com/,2026-09-01
Twin Lights Brewing,Brewery,Monmouth,Tinton Falls,4057 Asbury Ave,https://twinlightsbrewing.com/,2026-09-01
Bakes Brewery,Brewery,Monmouth,Wall,1718 Highway 71,https://bakesbrewing.com/,2026-09-01
Jersey Girl Brewing Company,Brewery,Morris,Budd Lake,426 Sand Shore Rd,https://jerseygirlbrewing.com/,2026-09-01
High Point Brewing Company (Ramstein),Brewery,Morris,Butler,22 Park Pl,https://ramsteinbeer.com/,2026-09-01
Twin Elephant Brewing Company,Brewery,Morris,Chatham,13 Watchung Ave,https://twinelephant.com/,2026-09-01
Diamond Spring Brewing Company,Brewery,Morris,Denville,50 Broadway,https://diamondspringbrewing.com/,2026-09-01
Chilton Mill Brewing,Brewery,Morris,Long Valley,59 E Mill Rd,https://chiltonmillbrewing.com/,2026-09-01
Long Valley Pub & Brewery,Brewpub,Morris,Long Valley,1 Fairmount Rd,https://longvalleybrewpub.com/,2026-09-01
The Rosecourt Brewery,Brewery,Morris,Madison,3 Central Ave,https://www.facebook.com/people/The-Rosecourt-Brewery/61559329028060/,2026-09-01
Oakflower Brewing Company,Brewery,Morris,Millington,1932 Long Hill Rd Suite A,https://oakflowerbrewing.com/,2026-09-01
Autodidact Beer,Brewery,Morris,Morris Plains,1745 NJ-10,https://autodidactbeer.com/,2026-09-01
Glenbrook Brewery,Brewery,Morris,Morristown,95 Morris St,https://glenbrookbrewery.com/,2026-09-01
Fort Nonsense,Brewery,Morris,Randolph,220 Franklin Rd,https://fortnonsensebrewing.com/,2026-09-01
Double Tap Brewing,Brewery,Morris,Whippany,50 Parsippany Rd,https://doubletapbeer.com/,2026-09-01
Ship Bottom Brewery,Brewery,Ocean,Beach Haven,830 N Bay Ave Store 23,https://shipbottombrewery.com/,2026-09-01
Icarus Brewing,Brewery,Ocean,Brick,2045 NJ-88,https://icarusbrewing.com/,2026-09-01
Leaning Fathers Brewing,Brewery,Ocean,Brick,"No public street address found; listed only as Brick, NJ",https://leaningfathersbrewing.com/,2026-09-01
Pinelands Brewing,Brewery,Ocean,Little Egg Harbor,140 S 7th Ave Suite 15,https://pinelandsbrewing.com/,2026-09-01
ManaFirkin Brewing Co,Brewery,Ocean,Manahawkin,450 E Bay Ave Suite 2,https://manafirkin.com/,2026-09-01
Booterbeer Brewing Company,Brewery,Ocean,New Egypt,229 E Colliers Mill Rd,https://www.instagram.com/booterbeerbrewingco/,2026-09-01
Lokal Brewing,Brewery,Ocean,Point Pleasant,2257 Bridge Ave,https://www.facebook.com/lokalbrewingco/,2026-09-01
Last Wave Brewing Co,Brewery,Ocean,Point Pleasant Beach,601 Bay Ave,https://lastwavebrewing.com/,2026-09-01
Heavy Reel Brewing Co,Brewery,Ocean,Seaside Heights,613 Boulevard,https://heavyreelbrewing.com/,2026-09-01
Artisan's Restaurant & Brewery,Brewpub,Ocean,Toms River,1171 Hooper Ave,https://artisanstomsriver.com/,2026-09-01
Battle River Brewing,Brewery,Ocean,Toms River,69 Main St,https://battleriverbrewing.com/,2026-09-01
Toms River Brewing,Brewery,Ocean,Toms River,1540 Route 37 W,https://tomsriverbrewing.com/,2026-09-01
Oyster Creek Brewing Company,Brewery,Ocean,Waretown,529 Route 9 Unit 5,https://oystercreekbrewing.com/,2026-09-01
Bent Elbow Brewery,Brewery,Ocean,West Creek,224 S Main St,https://bentelbowbrewery.com/,2026-09-01
Ghost Hawk Brewing Co,Brewery,Passaic,Clifton,321 River Rd Unit 6,https://www.ghosthawkbrewing.com/,2026-09-01
Seven Tribesmen Brewery,Brewery,Passaic,Wayne,1151 State Route 23,https://seventribesmen.com/,2026-09-01
Lost Elephant Brewing Company,Brewery,Salem,Elmer,20 N Main St,https://www.facebook.com/lostelephantbrewing/,2026-09-01
Bullhide Brewery,Brewery,Salem,Pilesgrove,761 Route 40 Building 3,https://bullhidebrewery.com/,2026-09-01
Farmers and Bankers Brewing,Brewery,Salem,Woodstown,8 N Main St,https://farmersandbankersbrewing.com/,2026-09-01
Flounder Brewing,Brewery,Somerset,Hillsborough,2 Clerico Ln Building 4,https://flounderbrewing.com/,2026-09-01
Brooks Brewery inside Northside Lounge,Brewpub,Somerset,Manville,100 Brooks Blvd,https://northsidelounge.com/,2026-09-01
Village Brewing Company,Brewpub,Somerset,Somerville,34 W Main St,https://villagebrewing.com/,2026-09-01
Twin Soles Brewing,Brewery,Sussex,Frankford,555 County Road 565,https://www.drinktwinsoles.com/,2026-09-01
Angry Erik Brewing,Brewery,Sussex,Newton,2 Camre Dr,https://angryerik.com/,2026-09-01
Krogh's Restaurant & Brew Pub,Brewpub,Sussex,Sparta,23 White Deer Plaza,https://kroghs.com/,2026-09-01
Vernon Brewing (formerly Alias Brew Works),Brewery,Sussex,Vernon,17 Old Rudetown Rd,https://aliasbrewworks.com/,2026-09-01
Trap Rock Restaurant & Brewery,Brewpub,Union,Berkeley Heights,279 Springfield Ave,https://traprockrestaurant.net/,2026-09-01
Yale Terrace Brewing,Brewery,Union,Cranford,26 Eastman St,https://ytbrewery.com/,2026-09-01
Two Ton Brewing,Brewery,Union,Kenilworth,730 Federal Ave,https://twotonbrewing.com/,2026-09-01
Untied Brewing Company,Brewery,Union,New Providence,140 Spring St Unit C,https://untiedbrewingco.com/,2026-09-01
Wet Ticket Brewing,Brewery,Union,Rahway,1435 Main St,https://wetticketbrewing.com/,2026-09-01
Climax Brewing Company,Brewery,Union,Roselle Park,112 Valley Rd,https://climaxbrewing.com/,2026-09-01
Bull N Bear Brewery,Brewery,Union,Summit,425 Springfield Ave,https://bullnbearbrewery.com/,2026-09-01
Lions Roar Brewing,Brewery,Union,Westfield,517-519 South Ave W,https://lionsroarbrewing.com/,2026-09-01
Buck Hill Brewery & Restaurant,Brewpub,Warren,Blairstown,45 State Route 94,https://buckhillbrewery.com/,2026-09-01
Czig Meister Brewing Company,Brewery,Warren,Hackettstown,106 Valentine St,https://czigmeisterbrewing.com/,2026-09-01
Man Skirt Brewing,Brewery,Warren,Hackettstown,144 Main St,https://manskirtbrewing.com/,2026-09-01
Invertase Brewing - Phillipsburg,Brewery,Warren,Phillipsburg,51 N Broad St,https://invertasebrewing.com/,2026-09-01
